,mutation,quaycode,quayname,quayowner,quaystatus,accessible,bicyclepar,bins,shelter,geometry,x,y
0,2017-09-20T01:39:18Z,NL:Q:10001100,De Trefkoel,G0014,available,Y,false,true,true,POINT (6.541799495836955 53.23114797774577),6.541799495836955,53.23114797774577
1,2017-09-20T01:40:11Z,NL:Q:10001080,De Trefkoel,G0014,available,Y,false,true,true,POINT (6.542795926134636 53.23088677049818),6.542795926134636,53.23088677049818
2,2017-09-20T01:43:58Z,NL:Q:10001090,De Trefkoel,G0014,available,Y,false,true,true,POINT (6.542074934486461 53.23024669560641),6.542074934486461,53.23024669560641
3,2017-09-20T01:43:58Z,NL:Q:10001170,Beukenlaan,G0014,available,Y,false,true,true,POINT (6.555290117095801 53.23546566664689),6.555290117095801,53.23546566664689
4,2017-09-20T01:43:12Z,NL:Q:10001180,Beukenlaan,G0014,available,Y,false,false,false,POINT (6.555650220637647 53.23548912047738),6.555650220637647,53.235489120477375
5,2017-09-20T01:37:21Z,NL:Q:10001350,Surinamestraat,G0014,available,Y,false,true,true,POINT (6.574101661033193 53.23489470098216),6.574101661033193,53.23489470098216
6,2017-09-20T01:39:33Z,NL:Q:10001360,Surinamestraat,G0014,available,Y,false,false,false,POINT (6.573821109261822 53.23504125668715),6.573821109261822,53.235041256687154
7,2017-09-20T01:39:51Z,NL:Q:10001390,J. C. Kapteynlaan,G0014,available,Y,false,false,true,POINT (6.566642201618699 53.2293877124173),6.566642201618699,53.2293877124173
8,2017-09-20T01:38:28Z,NL:Q:10001400,J. C. Kapteynlaan,G0014,available,Y,false,true,false,POINT (6.568473680074485 53.23009759422616),6.568473680074485,53.23009759422616
9,2017-09-20T01:37:35Z,NL:Q:10001410,Riouwstraat,G0014,available,N,false,true,true,POINT (6.562364203462017 53.22737180405283),6.562364203462017,53.22737180405283
10,2017-09-20T01:36:18Z,NL:Q:10001420,Riouwstraat,G0014,available,N,false,true,true,POINT (6.562530107361801 53.22741511112083),6.562530107361801,53.227415111120834
11,2017-09-20T01:38:09Z,NL:Q:10002850,Diamantlaan,G0014,available,Y,false,true,true,POINT (6.524954379304638 53.22956551223357),6.524954379304638,53.22956551223357
12,2017-09-20T01:37:19Z,NL:Q:10002860,Diamantlaan,G0014,available,Y,false,true,true,POINT (6.525810152116454 53.22964725912656),6.525810152116454,53.22964725912656
13,2015-05-03T23:20:25Z,NL:Q:10001650,Zernike Noord,G0014,available,Y,,false,false,POINT (6.53041257763491 53.24454769607467),6.53041257763491,53.24454769607467
14,2015-05-03T23:20:25Z,NL:Q:10001670,Zernike Noord,G0014,available,Y,,true,true,POINT (6.530471059639667 53.24449322153495),6.530471059639667,53.24449322153495
15,2015-05-03T23:20:25Z,NL:Q:10001690,Zernike Noord,G0014,available,Y,,true,true,POINT (6.530544756471451 53.24444758831325),6.530544756471451,53.24444758831325
16,2017-09-21T23:03:36Z,NL:Q:10001710,Zernike Noord,G0014,available,N,false,false,false,POINT (6.530633192464111 53.24439282838712),6.530633192464111,53.24439282838712
17,2015-05-03T23:20:25Z,NL:Q:10001730,Zernike Noord,G0014,available,Y,,false,false,POINT (6.530676696856101 53.24433849640721),6.5306766968561005,53.24433849640721
18,2015-05-03T23:20:25Z,NL:Q:10001610,Zernike Noord,G0014,available,N,false,false,false,POINT (6.53056448998562 53.24462712560402),6.53056448998562,53.24462712560402
19,2015-05-03T23:20:25Z,NL:Q:10001630,Zernike Noord,G0014,available,Y,,false,false,POINT (6.530608232525236 53.24458177764931),6.530608232525236,53.24458177764931
20,2017-09-20T01:39:32Z,NL:Q:10002910,Pyrietstraat,G0014,available,Y,false,true,true,POINT (6.527466730439865 53.22375448357207),6.527466730439865,53.22375448357207
21,2017-09-20T01:36:16Z,NL:Q:10002920,Pyrietstraat,G0014,available,Y,false,true,true,POINT (6.527527795666617 53.22379883489791),6.527527795666617,53.223798834897906
22,2017-09-20T01:45:37Z,NL:Q:10002930,Metaallaan,G0014,available,Y,false,true,true,POINT (6.529718919933488 53.22115398584481),6.529718919933488,53.22115398584481
23,2017-09-20T01:38:10Z,NL:Q:10002940,Metaallaan,G0014,available,Y,false,true,true,POINT (6.528625441367707 53.22170357202022),6.528625441367707,53.22170357202022
24,2017-09-20T01:44:34Z,NL:Q:10003010,Halfweg,G0014,available,N,false,false,true,POINT (6.527198168042715 53.21470779836208),6.527198168042715,53.214707798362085
25,2017-09-20T01:37:00Z,NL:Q:10003020,Halfweg,G0014,available,N,false,false,false,POINT (6.526767444008982 53.21483769891913),6.526767444008982,53.21483769891913
26,2017-09-20T01:41:41Z,NL:Q:10003090,W. Barentzstraat,G0014,available,N,false,false,false,POINT (6.553085177493118 53.21480951000485),6.553085177493118,53.21480951000485
27,2017-09-20T01:40:37Z,NL:Q:10003150,Voermanstraat,G0014,available,Y,false,true,true,POINT (6.537787704518193 53.22784359616011),6.537787704518193,53.227843596160106
28,2017-09-20T01:42:30Z,NL:Q:10003160,Voermanstraat,G0014,available,Y,false,false,true,POINT (6.539244478384652 53.2280003605041),6.539244478384652,53.228000360504105
29,2017-09-20T01:45:46Z,NL:Q:10003230,J. van Goyenstraat,G0014,available,Y,false,false,true,POINT (6.545177402786227 53.21748315077654),6.545177402786227,53.21748315077654
30,2017-09-20T01:42:37Z,NL:Q:10003240,J. van Goyenstraat,G0014,available,Y,false,false,true,POINT (6.544565113146098 53.21810013089737),6.544565113146098,53.21810013089737
31,2017-09-20T01:36:17Z,NL:Q:10003270,H. Colleniusstraat,G0014,available,Y,false,true,true,POINT (6.550815161899616 53.21723989530648),6.5508151618996155,53.217239895306484
32,2017-09-20T01:44:13Z,NL:Q:10003280,H. Colleniusstraat,G0014,available,Y,false,true,true,POINT (6.549762835327082 53.21707935498971),6.549762835327082,53.21707935498971
33,2017-09-20T01:40:11Z,NL:Q:10003360,Verl. Visserstraat,G0014,available,Y,false,true,false,POINT (6.556216333994644 53.21876899619644),6.5562163339946435,53.21876899619644
34,2017-09-20T01:45:56Z,NL:Q:10003290,Verl. Visserstraat,G0014,available,Y,false,true,true,POINT (6.556280144351571 53.21780683220665),6.556280144351571,53.21780683220665
35,2017-09-20T01:45:45Z,NL:Q:10003300,Verl. Visserstraat,G0014,available,Y,false,true,true,POINT (6.555397370337882 53.21838157180294),6.555397370337882,53.218381571802944
36,2017-09-20T01:37:00Z,NL:Q:10004030,Abeelstraat,G0014,available,Y,false,true,true,POINT (6.553428675432091 53.23253625321369),6.553428675432091,53.232536253213695
37,2017-09-20T01:44:22Z,NL:Q:10004040,Abeelstraat,G0014,available,Y,false,true,true,POINT (6.553296769042596 53.23208821835543),6.553296769042596,53.23208821835543
38,2017-09-20T01:43:36Z,NL:Q:10004110,Crematoriumlaan,G0014,available,Y,false,true,true,POINT (6.538442417470117 53.23667984617094),6.538442417470117,53.23667984617094
39,2017-09-20T01:45:48Z,NL:Q:10004120,Crematoriumlaan,G0014,available,Y,false,true,true,POINT (6.538096090740428 53.23661127714051),6.538096090740428,53.23661127714051
40,2017-09-20T01:39:32Z,NL:Q:10004130,Nijenborgh,G0014,available,N,false,true,true,POINT (6.535910034424418 53.24002004949687),6.535910034424418,53.24002004949687
41,2017-09-20T01:39:03Z,NL:Q:10004140,Nijenborgh,G0014,available,N,false,true,true,POINT (6.536234718446154 53.2398372161505),6.5362347184461544,53.2398372161505
42,2017-09-20T01:38:10Z,NL:Q:10004330,De Verbetering,G0014,available,N,false,false,false,POINT (6.535251416928028 53.20734306603468),6.535251416928028,53.20734306603468
43,2017-09-20T01:42:30Z,NL:Q:10004340,De Verbetering,G0014,available,N,false,false,false,POINT (6.535655452828257 53.20733919883342),6.535655452828257,53.20733919883342
44,2017-09-20T01:44:40Z,NL:Q:10004350,Kwinkenplein,G0014,available,N,false,false,false,POINT (6.567306958078905 53.21972981182105),6.567306958078905,53.219729811821054
45,2017-09-21T23:03:44Z,NL:Q:10005030,Meteoorstraat,G0014,available,Y,false,false,true,POINT (6.537750567099508 53.23432308344238),6.537750567099508,53.234323083442376
46,2017-09-20T01:45:04Z,NL:Q:10005150,Grote Beerstraat,G0014,available,Y,false,true,true,POINT (6.544889087637028 53.22628356924974),6.544889087637028,53.226283569249745
47,2017-09-21T23:03:44Z,NL:Q:10005160,Grote Beerstraat,G0014,available,Y,false,false,false,POINT (6.544638621560504 53.22699590572987),6.544638621560504,53.22699590572987
48,2017-09-20T01:39:03Z,NL:Q:10005170,Stadhouderslaan,G0014,available,Y,false,false,true,POINT (6.547772965266241 53.22326326074862),6.547772965266241,53.223263260748624
49,2017-09-20T01:36:17Z,NL:Q:10005180,Stadhouderslaan,G0014,available,Y,false,false,false,POINT (6.548102541062258 53.22326905913687),6.548102541062258,53.22326905913687
50,2017-09-20T01:44:06Z,NL:Q:10005270,Spieghelstraat,G0014,available,N,false,false,false,POINT (6.574168731489833 53.19317011360498),6.574168731489833,53.19317011360498
51,2017-09-20T01:39:33Z,NL:Q:10005310,Esserweg,G0014,available,N,false,true,true,POINT (6.586059473301061 53.18812724472465),6.586059473301061,53.188127244724654
52,2017-09-20T01:44:43Z,NL:Q:10005610,Palmslag,G0014,available,Y,false,true,true,POINT (6.578087975808933 53.21378212849603),6.578087975808933,53.21378212849603
53,2017-09-20T01:42:12Z,NL:Q:10005620,Palmslag,G0014,available,Y,false,true,false,POINT (6.578256813126885 53.21393322170086),6.578256813126885,53.213933221700856
54,2017-09-20T01:41:06Z,NL:Q:10005710,Wagnersingel,G0014,available,Y,false,false,true,POINT (6.584062742344045 53.20194144274352),6.584062742344045,53.20194144274352
55,2017-09-20T01:44:41Z,NL:Q:10005720,Wagnersingel,G0014,available,Y,false,false,true,POINT (6.583888819859671 53.20322824209963),6.583888819859671,53.20322824209963
56,2017-09-20T01:45:14Z,NL:Q:10005730,Groenestein,G0014,available,Y,false,false,true,POINT (6.586923799005184 53.19987293312397),6.586923799005184,53.19987293312397
57,2017-09-21T23:03:47Z,NL:Q:10005740,Groenestein,G0014,available,Y,false,true,true,POINT (6.586192927606394 53.1999611191514),6.586192927606394,53.199961119151396
58,2017-09-20T01:37:21Z,NL:Q:10006010,Oliemuldersbrug,G0014,available,Y,false,false,true,POINT (6.579849624186598 53.23151276570194),6.579849624186598,53.231512765701936
59,2017-09-20T01:38:29Z,NL:Q:10006020,Oliemuldersbrug,G0014,available,Y,false,false,true,POINT (6.580530332206791 53.23175761765668),6.580530332206791,53.231757617656676
60,2017-09-20T01:39:32Z,NL:Q:10006190,Brouwerstraat,G0014,available,N,false,true,false,POINT (6.562281320878725 53.22487440698839),6.562281320878725,53.22487440698839
61,2017-09-20T01:44:47Z,NL:Q:10006230,Oude Ebbingestraat,G0014,available,N,false,false,false,POINT (6.565699864706315 53.22119241448167),6.565699864706315,53.22119241448167
62,2017-09-20T01:40:54Z,NL:Q:10007010,Jan Luykenstraat,G0014,available,Y,false,false,false,POINT (6.569343396766651 53.19728863814498),6.5693433967666515,53.197288638144975
63,2017-09-21T23:03:52Z,NL:Q:10006490,Jan Luykenstraat,G0014,available,Y,false,true,true,POINT (6.569920745676166 53.19760645909803),6.569920745676166,53.19760645909803
64,2017-09-20T01:45:56Z,NL:Q:10006500,Jan Luykenstraat,G0014,available,Y,false,true,true,POINT (6.570121078889629 53.19672381065214),6.570121078889629,53.196723810652145
65,2017-09-20T01:42:30Z,NL:Q:10002000,Zernikeplein,G0014,available,N,false,true,false,POINT (6.534019629942329 53.24103560275984),6.534019629942329,53.24103560275984
66,2017-09-21T23:03:36Z,NL:Q:10002010,Zernikeplein,G0014,available,N,false,false,false,POINT (6.533952143537356 53.24131482210156),6.533952143537356,53.241314822101565
67,2017-09-20T01:38:28Z,NL:Q:10006570,Maaslaan,G0014,available,Y,false,true,true,POINT (6.56507129394177 53.20416934747315),6.56507129394177,53.204169347473155
68,2017-09-21T23:03:53Z,NL:Q:10006670,L. Springerlaan,G0014,available,Y,false,true,true,POINT (6.558611861902466 53.20440333970852),6.558611861902466,53.20440333970852
69,2017-09-20T01:43:12Z,NL:Q:10006680,L. Springerlaan,G0014,available,Y,false,true,true,POINT (6.558483759886106 53.20354189406878),6.558483759886106,53.20354189406878
70,2017-09-20T01:40:26Z,NL:Q:10006710,Hippocrateslaan,G0014,available,Y,false,false,false,POINT (6.556568933335045 53.19638041714173),6.556568933335045,53.196380417141725
71,2017-09-20T01:39:32Z,NL:Q:10006720,Hippocrateslaan,G0014,available,Y,false,true,true,POINT (6.557138020091725 53.19694999985941),6.557138020091725,53.19694999985941
72,2017-09-20T01:39:03Z,NL:Q:10006870,MartiniZKH Hoofdingang,G0014,available,Y,false,false,true,POINT (6.551981133712694 53.19272264373555),6.551981133712694,53.19272264373555
73,2017-09-21T23:03:54Z,NL:Q:10006880,MartiniZKH Hoofdingang,G0014,available,Y,false,false,true,POINT (6.55206943721486 53.19266786746433),6.55206943721486,53.19266786746433
74,2017-09-20T01:44:13Z,NL:Q:10006890,Schweitzerlaan,G0014,available,Y,false,false,true,POINT (6.548813898796978 53.19067749229148),6.548813898796978,53.190677492291485
75,2017-09-20T01:36:17Z,NL:Q:10006900,Schweitzerlaan,G0014,available,Y,false,true,true,POINT (6.548354517999439 53.19140085633513),6.548354517999439,53.19140085633513
76,2017-09-20T01:42:31Z,NL:Q:10007210,Verzetsstrijderslaan,G0014,available,Y,false,true,true,POINT (6.549961077412823 53.2094210363061),6.5499610774128225,53.2094210363061
77,2017-09-20T01:41:29Z,NL:Q:10007220,Verzetsstrijderslaan,G0014,available,Y,true,true,true,POINT (6.549691708297765 53.20942364673731),6.5496917082977655,53.20942364673731
78,2017-09-20T01:44:40Z,NL:Q:10007570,Verlengde Lodewijkstraat,G0014,available,Y,false,false,false,POINT (6.581969878954607 53.20690485607691),6.581969878954607,53.20690485607691
79,2017-09-20T01:37:36Z,NL:Q:10007580,Verlengde Lodewijkstraat,G0014,available,Y,false,true,true,POINT (6.582290643567351 53.20659612182821),6.582290643567351,53.206596121828206
80,2017-09-20T01:37:36Z,NL:Q:10008030,Lubeckweg,G0014,available,Y,false,false,false,POINT (6.587522482005165 53.21227724200877),6.587522482005165,53.21227724200877
81,2017-09-20T01:37:21Z,NL:Q:10008040,Lubeckweg,G0014,available,Y,false,true,true,POINT (6.587664406758172 53.21199724236677),6.587664406758172,53.21199724236677
82,2017-09-20T01:41:19Z,NL:Q:10008550,P+R Euroborg P3,G0014,available,Y,false,false,false,POINT (6.597123497917437 53.20765162657883),6.597123497917437,53.20765162657883
83,2017-09-20T01:44:25Z,NL:Q:10008560,P+R Euroborg P3,G0014,available,Y,false,false,false,POINT (6.597043649980969 53.20747270250531),6.597043649980969,53.207472702505314
84,2017-09-20T01:41:19Z,NL:Q:10008610,Kopenhagenstraat,G0014,available,Y,false,false,false,POINT (6.593233341776907 53.21736920135145),6.593233341776907,53.217369201351445
85,2017-09-21T23:04:01Z,NL:Q:10008630,Brandweer,G0014,available,Y,false,false,true,POINT (6.590399587096464 53.2188354793924),6.590399587096464,53.2188354793924
86,2017-09-21T23:04:01Z,NL:Q:10008640,Brandweer,G0014,available,Y,false,false,false,POINT (6.590921466659061 53.21875835368178),6.5909214666590605,53.21875835368178
87,2017-09-20T01:44:25Z,NL:Q:10009210,Emdenweg,G0014,available,Y,false,false,false,POINT (6.607460887882953 53.20797827475653),6.6074608878829535,53.207978274756535
88,2017-09-20T01:38:12Z,NL:Q:10009220,Emdenweg,G0014,available,Y,false,false,false,POINT (6.607206243064226 53.20797187814844),6.607206243064226,53.20797187814844
89,2017-09-20T01:43:53Z,NL:Q:10009230,Flensburgweg,G0014,available,Y,false,false,false,POINT (6.605563102484095 53.21021722275152),6.605563102484095,53.21021722275152
90,2017-09-20T01:39:52Z,NL:Q:10009240,Flensburgweg,G0014,available,Y,false,false,false,POINT (6.605338374682064 53.21021051826807),6.605338374682064,53.21021051826807
91,2017-09-20T01:36:19Z,NL:Q:10009290,Stavangerweg,G0014,available,Y,false,false,false,POINT (6.613527390482973 53.21710059555491),6.6135273904829734,53.21710059555491
92,2017-09-20T01:45:09Z,NL:Q:10009610,Jeverweg,G0014,available,Y,false,false,false,POINT (6.617916278451268 53.21559984951133),6.617916278451268,53.21559984951133
93,2017-09-20T01:39:52Z,NL:Q:10009630,Makro,G0014,available,N,false,false,false,POINT (6.614930058788702 53.21430044537807),6.614930058788702,53.21430044537807
94,2017-09-20T01:42:38Z,NL:Q:10103410,Loefzijde,G0014,available,Y,false,true,false,POINT (6.615192359081379 53.2351283389798),6.615192359081379,53.2351283389798
95,2017-09-20T01:37:22Z,NL:Q:10105090,Loefzijde,G0014,available,Y,false,true,true,POINT (6.613909223838717 53.23530321579101),6.613909223838717,53.23530321579101
96,2017-09-20T01:43:12Z,NL:Q:10103630,Lijzijde,G0014,available,Y,false,true,false,POINT (6.625586040555513 53.23509343834582),6.625586040555513,53.23509343834582
97,2017-09-21T23:04:07Z,NL:Q:10103640,Lijzijde,G0014,available,Y,false,false,true,POINT (6.624713411383126 53.23547986892513),6.624713411383126,53.235479868925125
98,2017-09-20T01:40:12Z,NL:Q:10105110,Langszij,G0014,available,Y,false,true,true,POINT (6.606627436151576 53.23627605949008),6.606627436151576,53.23627605949008
99,2017-09-20T01:38:30Z,NL:Q:10105120,Langszij,G0014,available,Y,false,true,true,POINT (6.60806900124955 53.23640518715479),6.60806900124955,53.236405187154794
100,2017-09-20T01:37:22Z,NL:Q:10105130,Eenrumermaar,G0014,available,Y,false,true,true,POINT (6.603253677467983 53.23667873094794),6.603253677467983,53.23667873094794
101,2017-09-20T01:36:48Z,NL:Q:10105140,Eenrumermaar,G0014,available,Y,false,false,false,POINT (6.603845559546757 53.23642111375769),6.603845559546757,53.236421113757686
102,2017-09-20T01:40:12Z,NL:Q:10108000,Roodehaan,RWSNN,available,Y,false,false,false,POINT (6.625368531338617 53.2050269423705),6.6253685313386175,53.2050269423705
103,2017-09-20T01:41:06Z,NL:Q:10108010,Roodehaan,RWSNN,available,Y,false,false,false,POINT (6.6260627530214 53.20522646495098),6.6260627530214,53.205226464950975
104,2017-09-20T01:45:21Z,NL:Q:10108810,Lintdal,G0014,available,Y,false,false,true,POINT (6.645768533158943 53.21014367011827),6.645768533158943,53.21014367011827
105,2017-09-20T01:45:57Z,NL:Q:10108820,Lintdal,G0014,available,Y,false,false,false,POINT (6.645872559761629 53.20960338668771),6.645872559761629,53.20960338668771
106,2017-09-20T01:41:48Z,NL:Q:10116110,Lutherstraat,G0014,available,N,false,false,false,POINT (6.499989039929861 53.23069822219346),6.4999890399298605,53.23069822219346
107,2017-09-20T01:36:15Z,NL:Q:10116120,Lutherstraat,G0014,available,N,false,false,false,POINT (6.500083965549295 53.23089503972803),6.500083965549295,53.23089503972803
108,2017-09-20T01:38:27Z,NL:Q:10124490,Minervalaan,G0014,available,Y,false,false,false,POINT (6.510532102566906 53.20303896939583),6.510532102566906,53.20303896939583
109,2017-09-20T01:43:23Z,NL:Q:10124500,Minervalaan,G0014,available,Y,false,true,true,POINT (6.510569990174845 53.20276902387672),6.510569990174845,53.20276902387672
110,2017-09-20T01:37:19Z,NL:Q:10124530,De Sanstraat,G0014,available,Y,false,true,true,POINT (6.508768888350089 53.20487969720679),6.508768888350089,53.20487969720679
111,2017-09-20T01:45:51Z,NL:Q:10124540,De Sanstraat,G0014,available,Y,false,true,true,POINT (6.508774065466032 53.20450222211935),6.5087740654660315,53.20450222211935
112,2017-09-20T01:41:18Z,NL:Q:10125930,Zuiderweg,G0014,available,Y,false,true,false,POINT (6.503398063834564 53.21077090722911),6.503398063834564,53.21077090722911
113,2017-09-21T23:04:17Z,NL:Q:10126010,Kinderverlatenbrug,G0014,available,N,false,false,false,POINT (6.490866636397251 53.21420278653319),6.490866636397251,53.21420278653319
114,2017-09-20T01:42:21Z,NL:Q:10126020,Kinderverlatenbrug,G0014,available,N,false,false,false,POINT (6.490737209262636 53.21441066185079),6.490737209262636,53.21441066185079
115,2017-09-20T01:44:58Z,NL:Q:10128310,Smidstraat,G0014,available,Y,false,true,true,POINT (6.501899648845717 53.21071294806643),6.501899648845717,53.21071294806643
116,2017-09-20T01:41:59Z,NL:Q:10128320,Smidstraat,G0014,available,Y,false,true,false,POINT (6.500920404819471 53.21047042541848),6.500920404819471,53.21047042541848
117,2017-09-20T01:42:12Z,NL:Q:10155550,Van Eesterenlaan,G0014,available,Y,false,false,false,POINT (6.576243950283527 53.2414425161224),6.576243950283527,53.241442516122405
118,2017-09-20T01:38:29Z,NL:Q:10155560,Van Eesterenlaan,G0014,available,Y,false,true,false,POINT (6.576320066448796 53.2414866937909),6.576320066448796,53.2414866937909
119,2017-09-20T01:39:05Z,NL:Q:10155750,Sibrandaheerd,G0014,available,Y,false,false,false,POINT (6.59103762992338 53.24443129853921),6.59103762992338,53.24443129853921
120,2017-09-20T01:45:39Z,NL:Q:10001150,Bottelroosstraat,G0014,available,Y,false,false,false,POINT (6.553977536626109 53.23788676724185),6.553977536626109,53.23788676724185
121,2017-09-20T01:36:17Z,NL:Q:10001160,Bottelroosstraat,G0014,available,Y,false,false,true,POINT (6.554214220989747 53.23777663043811),6.554214220989747,53.23777663043811
122,2017-09-20T01:37:20Z,NL:Q:10001250,Iepenlaan,G0014,available,Y,false,false,true,POINT (6.556102068298326 53.23392109975602),6.556102068298326,53.233921099756024
123,2017-09-20T01:41:19Z,NL:Q:10001190,Eikenlaan,G0014,available,Y,false,false,false,POINT (6.55636050586218 53.23406236377997),6.55636050586218,53.23406236377997
124,2017-09-20T01:39:04Z,NL:Q:10001200,Iepenlaan,G0014,available,Y,false,false,false,POINT (6.557207070672266 53.23324534417483),6.557207070672266,53.23324534417483
125,2017-09-20T01:39:04Z,NL:Q:10001450,Geert Teispad,G0014,available,Y,false,false,true,POINT (6.574871235001877 53.19259701111476),6.574871235001877,53.192597011114756
126,2017-09-20T01:39:05Z,NL:Q:10001460,Geert Teispad,G0014,available,Y,false,false,false,POINT (6.574980141562255 53.19274870275689),6.574980141562255,53.19274870275689
127,2017-09-20T01:36:17Z,NL:Q:10002110,C.G. Wichmannstraat,G0014,available,Y,false,false,false,POINT (6.551496381635141 53.18805439581172),6.5514963816351415,53.18805439581172
128,2017-09-20T01:40:26Z,NL:Q:10002120,C.G. Wichmannstraat,G0014,available,Y,false,true,true,POINT (6.550952376393143 53.18841014775312),6.550952376393143,53.18841014775312
129,2017-09-20T01:36:16Z,NL:Q:10002830,Siersteenlaan,G0014,available,Y,false,true,true,POINT (6.531849252170217 53.22696580795794),6.5318492521702165,53.22696580795794
130,2017-09-20T01:43:12Z,NL:Q:10002840,Siersteenlaan,G0014,available,Y,false,true,true,POINT (6.532583520344113 53.22641962298906),6.532583520344113,53.226419622989056
131,2017-09-20T01:41:05Z,NL:Q:10002950,Travertijnstraat,G0014,available,Y,false,true,true,POINT (6.528809641449929 53.22017414366589),6.528809641449929,53.220174143665886
132,2017-09-20T01:36:16Z,NL:Q:10002960,Travertijnstraat,G0014,available,Y,false,true,true,POINT (6.528839124144958 53.21958975152408),6.528839124144958,53.21958975152408
133,2017-09-20T01:37:00Z,NL:Q:10002970,Protonstraat,G0014,available,Y,false,true,false,POINT (6.530042330041818 53.21696327302529),6.530042330041818,53.21696327302529
134,2017-09-20T01:37:51Z,NL:Q:10002980,Protonstraat,G0014,available,Y,false,true,false,POINT (6.529974854310927 53.21724249232188),6.529974854310927,53.21724249232188
135,2017-09-20T01:45:38Z,NL:Q:10003030,Meubelblvrd Hoendiep,G0014,available,Y,false,false,true,POINT (6.535328615180403 53.21363278599731),6.535328615180403,53.21363278599731
136,2017-09-20T01:43:51Z,NL:Q:10003040,Meubelblvrd Hoendiep,G0014,available,Y,false,false,true,POINT (6.534443739035138 53.21413550016526),6.5344437390351375,53.21413550016526
137,2017-09-20T01:45:58Z,NL:Q:10003050,Atoomweg,G0014,available,Y,false,true,true,POINT (6.539319992952172 53.21285764245427),6.539319992952172,53.21285764245427
138,2017-09-20T01:39:51Z,NL:Q:10003060,Atoomweg,G0014,available,Y,false,true,true,POINT (6.539299636904929 53.21321729263821),6.5392996369049285,53.213217292638205
139,2017-09-20T01:43:51Z,NL:Q:10003100,H. Colleniusstraat,G0014,available,N,false,true,false,POINT (6.55271682045903 53.21502876198929),6.55271682045903,53.21502876198929
140,2017-09-20T01:37:19Z,NL:Q:10003170,Edelsteenlaan,G0014,available,Y,false,true,true,POINT (6.529637523399961 53.22997033807952),6.529637523399961,53.22997033807952
141,2017-09-20T01:38:10Z,NL:Q:10003180,Edelsteenlaan,G0014,available,Y,false,true,true,POINT (6.529611141844749 53.230105383772),6.529611141844749,53.230105383772
142,2017-09-20T01:45:28Z,NL:Q:10003310,Regentessestraat,G0014,available,Y,false,false,false,POINT (6.549737780838674 53.21948794415133),6.549737780838674,53.21948794415133
143,2017-09-20T01:42:53Z,NL:Q:10003320,Regentessestraat,G0014,available,Y,false,false,true,POINT (6.548587383474387 53.21957996156056),6.548587383474387,53.21957996156056
144,2017-09-21T23:03:41Z,NL:Q:10003970,Vogelkersstraat,G0014,available,Y,false,false,false,POINT (6.547688164640364 53.23571913591039),6.547688164640364,53.235719135910394
145,2017-09-21T23:03:41Z,NL:Q:10003980,Vogelkersstraat,G0014,available,Y,false,false,true,POINT (6.547673673199216 53.23573724865022),6.547673673199216,53.235737248650224
146,2017-09-20T01:41:49Z,NL:Q:10004290,Meubelblvrd Peizerwg,G0014,available,N,false,false,false,POINT (6.548601676302554 53.2100812240835),6.548601676302554,53.2100812240835
147,2017-09-20T01:44:30Z,NL:Q:10004300,Meubelblvrd Peizerwg,G0014,available,N,false,false,true,POINT (6.54864222794129 53.20991907649351),6.54864222794129,53.20991907649351
148,2017-09-20T01:45:37Z,NL:Q:10005010,Plutolaan,G0014,available,N,false,false,false,POINT (6.538758972226891 53.23282168550868),6.538758972226891,53.232821685508675
149,2017-09-20T01:44:14Z,NL:Q:10005290,H. Siccamasingel,G0014,available,Y,false,true,true,POINT (6.577494492802731 53.19385607243275),6.577494492802731,53.19385607243275
150,2017-09-20T01:43:51Z,NL:Q:10005300,H. Siccamasingel,G0014,available,Y,false,true,true,POINT (6.576383541943073 53.19372330886817),6.576383541943073,53.19372330886817
151,2017-09-20T01:36:18Z,NL:Q:10005330,Quintuslaan,G0014,available,N,false,false,false,POINT (6.584820881116207 53.18986502860251),6.584820881116207,53.18986502860251
152,2017-09-20T01:37:21Z,NL:Q:10005340,Quintuslaan,G0014,available,N,false,false,false,POINT (6.584375329949781 53.19052549145674),6.584375329949781,53.19052549145674
153,2017-09-20T01:42:23Z,NL:Q:10005350,Hilghepad,G0014,available,N,false,true,false,POINT (6.583242003539532 53.19282835486693),6.583242003539532,53.192828354866926
154,2017-09-20T01:39:05Z,NL:Q:10005360,Hilghepad,G0014,available,N,false,false,false,POINT (6.583375198788178 53.19223391812021),6.583375198788178,53.19223391812021
155,2017-09-20T01:40:46Z,NL:Q:10005410,Thomsonstraat,G0014,available,Y,false,true,false,POINT (6.576836968427194 53.20204926637233),6.576836968427194,53.20204926637233
156,2017-09-20T01:39:51Z,NL:Q:10005420,Thomsonstraat,G0014,available,Y,false,true,false,POINT (6.576700578200718 53.20198771373934),6.576700578200718,53.20198771373934
157,2017-09-20T01:42:38Z,NL:Q:10005690,Haydnlaan,G0014,available,Y,false,false,false,POINT (6.583399916595705 53.20449122249661),6.583399916595705,53.204491222496614
158,2017-09-20T01:42:01Z,NL:Q:10005700,Haydnlaan,G0014,available,Y,false,true,true,POINT (6.583606367273326 53.20492051356732),6.583606367273326,53.20492051356732
159,2017-09-20T01:42:54Z,NL:Q:10005850,Troelstralaan,G0014,available,Y,false,false,true,POINT (6.585735138273719 53.19370211610955),6.585735138273719,53.19370211610955
160,2017-09-20T01:42:12Z,NL:Q:10005860,Troelstralaan,G0014,available,Y,false,true,true,POINT (6.587167006181537 53.19299583902508),6.587167006181537,53.19299583902508
161,2017-09-20T01:38:11Z,NL:Q:10007310,Zaagmuldersbrug,G0014,available,Y,false,false,false,POINT (6.574285613575552 53.22905174628291),6.574285613575552,53.229051746282906
162,2017-09-20T01:37:21Z,NL:Q:10007320,Zaagmuldersbrug,G0014,available,Y,false,false,true,POINT (6.573794509735073 53.22916443949536),6.573794509735073,53.229164439495364
163,2017-09-20T01:37:36Z,NL:Q:10006030,Zaagmuldersbrug,G0014,available,Y,false,true,true,POINT (6.574404893045918 53.22903259362265),6.5744048930459185,53.22903259362265
164,2017-09-20T01:36:47Z,NL:Q:10006040,Zaagmuldersbrug,G0014,available,Y,false,false,true,POINT (6.574994713229811 53.22924243026877),6.5749947132298106,53.22924243026877
165,2017-09-20T01:43:12Z,NL:Q:10006170,Noorderplantsoen,G0014,available,Y,false,true,true,POINT (6.560300140204525 53.22746388944128),6.560300140204525,53.22746388944128
166,2017-09-21T23:03:50Z,NL:Q:10006180,Noorderplantsoen,G0014,available,Y,false,false,true,POINT (6.561025185500942 53.22714227725203),6.5610251855009425,53.22714227725203
167,2017-09-20T01:45:49Z,NL:Q:10006410,v. K. Verschuurbrug,RWSNN,available,N,false,false,true,POINT (6.564444233605532 53.19323001202558),6.564444233605532,53.19323001202558
168,2017-09-20T01:45:57Z,NL:Q:10006420,v. K. Verschuurbrug,RWSNN,available,Y,false,true,true,POINT (6.563716224692586 53.19232053641548),6.563716224692586,53.19232053641548
169,2017-09-20T01:42:31Z,NL:Q:10006740,Overwinningsplein,G0014,available,Y,false,false,false,POINT (6.558670090970641 53.1982650396256),6.558670090970641,53.1982650396256
170,2017-09-20T01:38:28Z,NL:Q:10006630,Overwinningsplein,G0014,available,Y,false,true,true,POINT (6.558550526180762 53.19882336642285),6.558550526180762,53.19882336642285
171,2017-09-20T01:36:17Z,NL:Q:10006640,Overwinningsplein,G0014,available,Y,false,true,true,POINT (6.557734968382748 53.19799558923886),6.557734968382748,53.19799558923886
172,2017-09-20T01:44:06Z,NL:Q:10006700,Concourslaan,G0014,available,Y,false,true,true,POINT (6.558015876243546 53.20616150935572),6.558015876243546,53.206161509355724
173,2017-09-20T01:36:17Z,NL:Q:10006920,Rotonde MartiniZKH,G0014,available,Y,false,false,false,POINT (6.549429121545008 53.19018626377025),6.549429121545008,53.19018626377025
174,2017-09-20T01:40:46Z,NL:Q:10006730,Rotonde MartiniZKH,G0014,available,Y,false,false,false,POINT (6.550063863102858 53.18930842523807),6.550063863102858,53.18930842523807
175,2017-09-21T23:03:54Z,NL:Q:10006910,Rotonde MartiniZKH,G0014,available,Y,false,false,false,POINT (6.549019939593709 53.18943536658627),6.549019939593709,53.18943536658627
176,2017-09-20T01:39:51Z,NL:Q:10007030,Kamerlingh Onnesstraat,G0014,available,Y,false,true,true,POINT (6.559655836251522 53.20702616135797),6.559655836251522,53.207026161357966
177,2017-09-20T01:44:22Z,NL:Q:10007040,Kamerlingh Onnesstraat,G0014,available,Y,false,true,false,POINT (6.560608324694161 53.20737630529414),6.560608324694161,53.20737630529414
178,2017-09-20T01:37:00Z,NL:Q:10007130,Campinglaan,G0014,available,Y,false,false,true,POINT (6.532958923474119 53.20555872070424),6.532958923474119,53.20555872070424
179,2017-09-20T01:37:00Z,NL:Q:10007140,Campinglaan,G0014,available,Y,false,false,false,POINT (6.532884819109463 53.20558638758801),6.532884819109463,53.20558638758801
180,2017-09-20T01:42:32Z,NL:Q:10007290,Madoerastraat,G0014,available,Y,false,true,true,POINT (6.569402746286626 53.23175990850954),6.5694027462866265,53.23175990850954
181,2017-09-20T01:42:22Z,NL:Q:10007390,Prof. Rankestraat,G0014,available,Y,false,true,true,POINT (6.580026743890614 53.22165293940446),6.580026743890614,53.221652939404464
182,2017-09-21T23:03:57Z,NL:Q:10007400,Prof. Rankestraat,G0014,available,Y,false,false,true,POINT (6.579904264484608 53.22155530645193),6.5799042644846075,53.221555306451926
183,2017-09-20T01:39:33Z,NL:Q:10008280,Petrus Campersingel,G0014,available,Y,false,true,false,POINT (6.577614743004091 53.21834293665837),6.577614743004091,53.218342936658374
184,2017-09-20T01:42:12Z,NL:Q:10008070,Petrus Campersingel,G0014,available,Y,false,true,true,POINT (6.578758852274312 53.21802604249338),6.578758852274312,53.21802604249338
185,2017-09-20T01:42:37Z,NL:Q:10008180,Petrus Campersingel,G0014,available,Y,false,false,false,POINT (6.57922522812279 53.21865045884508),6.57922522812279,53.21865045884508
186,2017-09-20T01:41:06Z,NL:Q:10008310,Emmaplein,G0014,available,N,false,true,true,POINT (6.562442786956799 53.21319052758),6.562442786956799,53.21319052758
187,2017-09-20T01:45:03Z,NL:Q:10008320,Emmaplein,G0014,available,N,false,true,false,POINT (6.562109868299695 53.21305899220753),6.562109868299695,53.21305899220753
188,2017-09-20T01:39:32Z,NL:Q:10008330,Hereplein,G0014,available,N,false,true,true,POINT (6.569703837452225 53.21320904658854),6.569703837452225,53.21320904658854
189,2017-09-20T01:36:18Z,NL:Q:10008340,Hereplein,G0014,available,N,false,true,true,POINT (6.56959123345356 53.21347076225739),6.5695912334535596,53.213470762257394
190,2017-09-20T01:40:12Z,NL:Q:10008450,Duinkerkenbrug,G0014,available,N,false,false,false,POINT (6.619171745830943 53.19713767188517),6.619171745830943,53.197137671885166
191,2017-09-20T01:36:48Z,NL:Q:10008460,Duinkerkenbrug,G0014,available,N,false,false,false,POINT (6.619155250176602 53.19708392212503),6.619155250176602,53.19708392212503
192,2017-09-20T01:44:56Z,NL:Q:10008490,Duinkerkenstraat,G0014,available,Y,false,false,false,POINT (6.601875233525536 53.20043239382416),6.601875233525536,53.20043239382416
193,2017-09-20T01:44:22Z,NL:Q:10008500,Duinkerkenstraat,G0014,available,Y,false,false,false,POINT (6.601854216493711 53.20021693074658),6.601854216493711,53.20021693074658
194,2017-09-20T01:37:21Z,NL:Q:10008790,Zaagmuldersweg,G0014,available,Y,false,false,true,POINT (6.58283855438652 53.22045672239321),6.58283855438652,53.22045672239321
195,2017-09-20T01:44:51Z,NL:Q:10008800,Zaagmuldersweg,G0014,available,Y,false,false,true,POINT (6.585354251154733 53.22100675931348),6.585354251154733,53.221006759313475
196,2017-09-20T01:39:34Z,NL:Q:10009180,Narvikweg,G0014,available,Y,false,false,false,POINT (6.609812183151345 53.20537521287103),6.6098121831513446,53.205375212871026
197,2017-09-20T01:42:55Z,NL:Q:10009190,Narvikweg,G0014,available,Y,false,false,false,POINT (6.609977795406409 53.2054094708693),6.609977795406409,53.2054094708693
198,2017-09-20T01:36:19Z,NL:Q:10009250,Euvelgunnerweg,G0014,available,Y,false,false,false,POINT (6.603295974727453 53.21316981240342),6.603295974727453,53.21316981240342
199,2017-09-20T01:38:46Z,NL:Q:10009260,Euvelgunnerweg,G0014,available,Y,false,false,false,POINT (6.603198850810903 53.21291018945189),6.6031988508109025,53.21291018945189
200,2017-09-21T23:04:06Z,NL:Q:10009600,Osloweg,G0014,available,N,false,false,false,POINT (6.605038620043084 53.21710617751172),6.605038620043084,53.21710617751172
201,2017-09-21T23:04:06Z,NL:Q:10009620,Osloweg,G0014,available,N,false,false,false,POINT (6.604932330036122 53.21705333758401),6.604932330036122,53.21705333758401
202,2017-09-20T01:38:12Z,NL:Q:10101550,Pop Dijkemaweg,G0014,available,Y,false,true,true,POINT (6.589139659047902 53.23490680189402),6.589139659047902,53.23490680189402
203,2017-09-20T01:37:37Z,NL:Q:10101560,Pop Dijkemaweg,G0014,available,Y,false,true,true,POINT (6.589514749059433 53.23493000415233),6.5895147490594335,53.23493000415233
204,2017-09-20T01:44:47Z,NL:Q:10103550,Waterland,G0014,available,Y,false,false,false,POINT (6.617257698018443 53.24085849116216),6.617257698018443,53.240858491162165
205,2017-09-20T01:44:47Z,NL:Q:10103560,Waterland,G0014,available,Y,false,true,true,POINT (6.616830711117167 53.24059327402101),6.616830711117167,53.24059327402101
206,2017-09-20T01:42:32Z,NL:Q:10103570,Mooiland,G0014,available,Y,false,false,false,POINT (6.622363168276763 53.24181254108985),6.622363168276763,53.24181254108985
207,2017-09-20T01:45:57Z,NL:Q:10103580,Mooiland,G0014,available,Y,false,true,true,POINT (6.621330604786599 53.24185012093253),6.621330604786599,53.241850120932526
208,2017-09-20T01:36:19Z,NL:Q:10105150,Parkallee,G0014,available,Y,false,false,false,POINT (6.598594248477545 53.23877474306085),6.598594248477545,53.23877474306085
209,2017-09-20T01:45:31Z,NL:Q:10105160,Parkallee,G0014,available,Y,false,false,false,POINT (6.59875191767086 53.23852153308663),6.59875191767086,53.238521533086626
210,2017-09-20T01:40:28Z,NL:Q:10108750,Oostersluis,G0014,available,N,false,true,true,POINT (6.595576164799573 53.22619725710359),6.595576164799573,53.22619725710359
211,2017-09-20T01:40:28Z,NL:Q:10108760,Oostersluis,G0014,available,Y,false,true,true,POINT (6.598467746002042 53.22624898335549),6.598467746002042,53.22624898335549
212,2017-09-20T01:39:53Z,NL:Q:10108910,Olgerweg,G0014,available,Y,false,true,true,POINT (6.641634676266509 53.21470718528121),6.641634676266509,53.214707185281206
213,2017-09-20T01:44:26Z,NL:Q:10108920,Olgerweg,G0014,available,Y,false,false,false,POINT (6.641457686306535 53.21479890077134),6.641457686306535,53.21479890077134
214,2017-09-20T01:40:47Z,NL:Q:10109010,Middelberterweg 54,G0014,available,N,false,false,false,POINT (6.640754197301773 53.21738538083608),6.6407541973017725,53.217385380836085
215,2017-09-20T01:39:34Z,NL:Q:10109020,Middelberterweg 54,G0014,available,N,false,false,false,POINT (6.640937307655194 53.21698806139884),6.640937307655194,53.21698806139884
216,2017-09-21T23:04:12Z,NL:Q:10109090,Woldmeerweg,G0014,available,N,false,false,false,POINT (6.650982906831748 53.22209485174778),6.650982906831748,53.222094851747784
217,2017-09-20T01:39:34Z,NL:Q:10109210,Middelberterweg 18,G0014,available,N,false,false,false,POINT (6.634471007382473 53.22534099232863),6.634471007382473,53.22534099232863
218,2017-09-20T01:40:28Z,NL:Q:10109220,Middelberterweg 18,G0014,available,N,false,false,false,POINT (6.634407756648828 53.22522482558927),6.634407756648828,53.22522482558927
219,2017-09-20T01:42:32Z,NL:Q:10105020,Ruischerbrug,P0020,available,N,false,false,true,POINT (6.634401384972277 53.23382493340984),6.634401384972277,53.23382493340984
220,2017-09-20T01:38:30Z,NL:Q:10109310,Ruischerbrug,G0014,available,Y,false,false,true,POINT (6.634452391113055 53.23299765014848),6.634452391113055,53.232997650148484
221,2017-09-20T01:45:38Z,NL:Q:10109320,Ruischerbrug,G0014,available,Y,false,false,true,POINT (6.63447585319182 53.23277274508393),6.63447585319182,53.23277274508393
222,2017-09-20T01:38:27Z,NL:Q:10112710,Hoogeweg,G0014,available,N,false,false,true,POINT (6.521743561538992 53.24245526895334),6.521743561538992,53.242455268953336
223,2017-09-20T01:36:46Z,NL:Q:10112720,Hoogeweg,G0014,available,N,false,false,true,POINT (6.521932591973026 53.24223781200457),6.521932591973026,53.242237812004575
224,2017-09-20T01:38:45Z,NL:Q:10116510,Hans Lodeizenstraat,G0014,available,N,false,false,true,POINT (6.513519302909932 53.22349080747572),6.513519302909932,53.22349080747572
225,2017-09-20T01:36:16Z,NL:Q:10116520,Hans Lodeizenstraat,G0014,available,N,false,false,false,POINT (6.513612166654135 53.22360675772769),6.513612166654135,53.223606757727694
226,2017-09-20T01:38:09Z,NL:Q:10124570,C.Jetsesstraat,G0014,available,Y,false,false,true,POINT (6.502994315696785 53.20614670260724),6.502994315696785,53.20614670260724
227,2017-09-20T01:41:59Z,NL:Q:10124580,C.Jetsesstraat,G0014,available,Y,false,false,false,POINT (6.503465510908903 53.20584576990699),6.503465510908903,53.205845769906986
228,2017-09-20T01:37:18Z,NL:Q:10125610,Hoendiep 312,G0014,available,N,false,false,false,POINT (6.482525932109829 53.21116097743023),6.482525932109829,53.211160977430225
229,2017-09-20T01:37:18Z,NL:Q:10125620,Hoendiep 312,G0014,available,N,false,false,false,POINT (6.483189666776226 53.21136160073073),6.483189666776226,53.21136160073073
230,2017-09-20T01:45:55Z,NL:Q:10128230,UT Delfiaweg-West,G0014,available,Y,false,false,false,POINT (6.506723144310935 53.21662596554287),6.506723144310935,53.21662596554287
231,2017-09-20T01:40:10Z,NL:Q:10128240,UT Delfiaweg-West,G0014,available,Y,false,true,false,POINT (6.507153015849251 53.21646020023555),6.507153015849251,53.21646020023555
232,2017-09-20T01:44:24Z,NL:Q:10128290,Zuidersingel,G0014,available,N,false,false,false,POINT (6.503045465847856 53.21276915043504),6.503045465847856,53.212769150435044
233,2017-09-20T01:37:19Z,NL:Q:10128300,Zuidersingel,G0014,available,N,false,true,true,POINT (6.503758047894969 53.21253786301245),6.503758047894969,53.21253786301245
234,2017-09-20T01:45:19Z,NL:Q:10128330,Bernhardlaan,G0014,available,Y,false,false,true,POINT (6.501346899082414 53.20785144451323),6.501346899082414,53.20785144451323
235,2017-09-21T23:04:19Z,NL:Q:10128340,Bernhardlaan,G0014,available,Y,false,false,true,POINT (6.501353843791583 53.20812096991126),6.501353843791583,53.20812096991126
236,2017-09-20T01:37:36Z,NL:Q:10155540,Boterdiepbrug,P0020,available,N,false,true,true,POINT (6.572269774821864 53.24237146440267),6.572269774821864,53.242371464402666
237,2017-09-21T23:04:19Z,NL:Q:10155520,Boterdiepbrug,P0020,available,N,false,true,true,POINT (6.573668812400586 53.24313046850494),6.5736688124005855,53.24313046850494
238,2017-09-20T01:38:29Z,NL:Q:10155530,Boterdiepbrug,G0014,available,Y,false,false,false,POINT (6.57376962164166 53.24243752469312),6.57376962164166,53.242437524693116
239,2017-09-20T01:43:23Z,NL:Q:10155770,Framaheerd,G0014,available,Y,false,true,true,POINT (6.58991679896362 53.24345403517307),6.58991679896362,53.243454035173066
240,2017-09-20T01:37:21Z,NL:Q:10155780,Framaheerd,G0014,available,Y,false,false,false,POINT (6.58827934493394 53.24275152231966),6.58827934493394,53.24275152231966
241,2017-09-20T01:41:18Z,NL:Q:10001130,Maluslaan,G0014,available,Y,false,false,true,POINT (6.5503736219837 53.23643900482431),6.5503736219837,53.23643900482431
242,2017-09-20T01:41:18Z,NL:Q:10001140,Maluslaan,G0014,available,Y,false,false,false,POINT (6.550488118211095 53.23679734774041),6.550488118211095,53.236797347740406
243,2017-09-20T01:45:00Z,NL:Q:10001370,Floresplein,G0014,available,Y,false,true,true,POINT (6.569873481742095 53.23090156666562),6.569873481742095,53.230901566665615
244,2017-09-20T01:39:51Z,NL:Q:10001540,Floresplein,G0014,available,Y,false,false,false,POINT (6.571354307520629 53.2313812145874),6.571354307520629,53.2313812145874
245,2017-09-20T01:40:54Z,NL:Q:10006430,v. K. Verschuurlaan,G0014,available,Y,false,false,false,POINT (6.570033594509026 53.19297731750753),6.570033594509026,53.192977317507534
246,2017-09-20T01:38:45Z,NL:Q:10006510,v. K. Verschuurlaan,G0014,available,Y,false,false,false,POINT (6.569416830974656 53.19285758790617),6.569416830974656,53.19285758790617
247,2017-09-21T23:03:35Z,NL:Q:10001510,v. K. Verschuurlaan,G0014,available,Y,false,true,true,POINT (6.569349662573273 53.19368500507239),6.569349662573273,53.19368500507239
248,2017-09-20T01:42:01Z,NL:Q:10001520,v. K. Verschuurlaan,G0014,available,Y,false,true,true,POINT (6.568675253478292 53.19309854347759),6.5686752534782915,53.19309854347759
249,2017-09-20T01:43:12Z,NL:Q:10002870,Barnsteenstraat,G0014,available,Y,false,true,true,POINT (6.526085188217065 53.22644552483636),6.526085188217065,53.22644552483636
250,2017-09-20T01:38:10Z,NL:Q:10002880,Barnsteenstraat,G0014,available,Y,false,true,true,POINT (6.525881218386892 53.22722926921633),6.525881218386892,53.22722926921633
251,2017-09-20T01:45:58Z,NL:Q:10003070,Rembrandt v Rijnstr.,G0014,available,Y,false,true,true,POINT (6.546972952609281 53.21409591977132),6.546972952609281,53.214095919771324
252,2017-09-20T01:38:10Z,NL:Q:10003080,Rembrandt v Rijnstr.,G0014,available,Y,false,true,true,POINT (6.546014609600569 53.21408720688913),6.546014609600569,53.214087206889126
253,2017-09-21T23:03:43Z,NL:Q:10004480,Station Noord,G0014,available,N,false,true,true,POINT (6.555506646360798 53.23017959561392),6.555506646360798,53.23017959561392
254,2017-09-21T23:03:41Z,NL:Q:10004010,Station Noord,G0014,available,N,false,true,true,POINT (6.55586767785079 53.23023898485918),6.55586767785079,53.23023898485918
255,2017-09-21T23:03:42Z,NL:Q:10004020,Station Noord,G0014,available,N,false,true,true,POINT (6.555605378128595 53.2299539759109),6.555605378128595,53.2299539759109
256,2017-09-20T01:39:32Z,NL:Q:10004570,Elzenlaan,G0014,available,Y,false,false,false,POINT (6.549370521785466 53.23255764573856),6.549370521785466,53.23255764573856
257,2017-09-20T01:42:22Z,NL:Q:10004050,Elzenlaan,G0014,available,N,false,true,true,POINT (6.54856367352815 53.23207120820238),6.54856367352815,53.232071208202385
258,2017-09-20T01:37:20Z,NL:Q:10004060,Elzenlaan,G0014,available,N,false,true,true,POINT (6.550111432314276 53.23226290651513),6.550111432314276,53.23226290651513
259,2017-09-20T01:39:33Z,NL:Q:10005430,Weg der Ver. Naties,G0014,available,Y,false,true,true,POINT (6.574189689288591 53.20593067560544),6.574189689288591,53.20593067560544
260,2017-09-20T01:39:04Z,NL:Q:10005440,Weg der Ver. Naties,G0014,available,N,false,true,true,POINT (6.574517242508775 53.20477716972594),6.574517242508775,53.20477716972594
261,2015-05-03T23:20:32Z,NL:Q:10005550,Eemsgolaan,G0014,available,N,,true,true,POINT (6.517300180397326 53.20029746135989),6.517300180397326,53.20029746135989
262,2015-05-03T23:20:32Z,NL:Q:10005560,Eemsgolaan,G0014,available,N,,true,false,POINT (6.517253416679853 53.20022601092731),6.5172534166798535,53.20022601092731
263,2015-07-06T17:10:04Z,NL:Q:10005671,Kempkensberg,G0014,available,U,,,,POINT (6.581017477407099 53.20656386611579),6.581017477407099,53.20656386611579
264,2017-09-20T01:39:18Z,NL:Q:10005600,Kempkensberg,G0014,available,N,false,false,false,POINT (6.579608548014232 53.20703618729292),6.579608548014232,53.20703618729292
265,2017-09-20T01:37:01Z,NL:Q:10005680,Kempkensberg,RWSNN,available,N,false,true,true,POINT (6.57934033151566 53.20762297168728),6.5793403315156604,53.20762297168728
266,2017-09-20T01:45:03Z,NL:Q:10005630,Warmoesstraat,G0014,available,Y,false,true,false,POINT (6.578954826070585 53.21101468819975),6.578954826070585,53.211014688199754
267,2017-09-20T01:37:52Z,NL:Q:10005640,Warmoesstraat,G0014,available,Y,false,true,false,POINT (6.578795297149878 53.21174417355444),6.5787952971498775,53.21174417355444
268,2017-09-20T01:43:42Z,NL:Q:10005750,Sweelincklaan,G0014,available,Y,false,false,false,POINT (6.589143053859923 53.19895206819523),6.589143053859923,53.19895206819523
269,2017-09-20T01:41:19Z,NL:Q:10005760,Sweelincklaan,G0014,available,Y,false,false,true,POINT (6.589021634048872 53.19942956825626),6.589021634048872,53.19942956825626
270,2017-09-20T01:45:53Z,NL:Q:10005770,Schubertlaan,G0014,available,Y,false,false,false,POINT (6.59013589488907 53.19752225085534),6.5901358948890705,53.19752225085534
271,2017-09-20T01:40:12Z,NL:Q:10005780,Schubertlaan,G0014,available,Y,false,true,true,POINT (6.590919308920784 53.19717290494317),6.5909193089207845,53.197172904943166
272,2017-09-20T01:45:57Z,NL:Q:10006070,UMCG Noord,G0014,available,N,false,false,false,POINT (6.570324902290886 53.22332160669328),6.570324902290886,53.223321606693275
273,2017-09-20T01:38:28Z,NL:Q:10005890,UMCG Noord,G0014,available,Y,false,false,true,POINT (6.569869938312448 53.22365858763435),6.569869938312448,53.22365858763435
274,2017-09-20T01:38:45Z,NL:Q:10005990,UMCG Noord,G0014,available,N,false,false,false,POINT (6.569673586647948 53.22304944873969),6.569673586647948,53.22304944873969
275,2017-09-20T01:38:28Z,NL:Q:10005970,Walstraat,G0014,available,N,false,false,false,POINT (6.572144742364689 53.22252183462637),6.5721447423646895,53.22252183462637
276,2017-09-20T01:42:01Z,NL:Q:10006110,Poortstraat,G0014,available,N,false,false,true,POINT (6.5653437323637 53.23559206003532),6.5653437323637,53.23559206003532
277,2017-09-21T23:03:50Z,NL:Q:10006120,Poortstraat,G0014,available,N,false,true,true,POINT (6.565706292775718 53.23570532301427),6.565706292775718,53.23570532301427
278,2017-09-20T01:41:18Z,NL:Q:10006250,Goudlaan,G0014,available,N,false,false,false,POINT (6.529900602718637 53.23029134039803),6.529900602718637,53.230291340398026
279,2017-09-20T01:40:26Z,NL:Q:10006260,Goudlaan,G0014,available,N,false,false,false,POINT (6.52979817246307 53.2303821786764),6.52979817246307,53.2303821786764
280,2017-09-20T01:41:41Z,NL:Q:10006290,Grote Markt,G0014,available,Y,false,false,true,POINT (6.568355471893318 53.21865011461109),6.568355471893318,53.21865011461109
281,2017-09-20T01:37:20Z,NL:Q:10006270,Grote Markt,G0014,available,Y,false,false,true,POINT (6.567822019684211 53.21940123510096),6.567822019684211,53.21940123510096
282,2017-09-20T01:37:51Z,NL:Q:10006280,Grote Markt,G0014,available,Y,false,false,true,POINT (6.567911829638081 53.21940035140248),6.567911829638081,53.21940035140248
283,2017-09-21T23:03:52Z,NL:Q:10006470,P.C. Hooftlaan,G0014,available,Y,false,true,true,POINT (6.569760487549848 53.19502892508253),6.569760487549848,53.19502892508253
284,2017-09-20T01:37:20Z,NL:Q:10006480,P.C. Hooftlaan,G0014,available,Y,false,false,false,POINT (6.569551049141439 53.19503098984667),6.569551049141439,53.19503098984667
285,2017-09-21T23:03:52Z,NL:Q:10006530,Van Schendelstraat,G0014,available,N,false,true,true,POINT (6.568609856362975 53.19892241345188),6.568609856362975,53.198922413451875
286,2017-09-20T01:36:18Z,NL:Q:10006540,Van Schendelstraat,G0014,available,Y,false,true,true,POINT (6.568548539123265 53.19886909865647),6.568548539123265,53.19886909865647
287,2017-09-20T01:40:27Z,NL:Q:10006580,Brailleweg,G0014,available,N,false,true,true,POINT (6.563299728368936 53.20451922694314),6.563299728368936,53.20451922694314
288,2017-09-20T01:42:53Z,NL:Q:10006650,Laan v/d Vrede,G0014,available,Y,false,true,true,POINT (6.559720876553021 53.20169657723937),6.559720876553021,53.201696577239375
289,2017-09-20T01:43:03Z,NL:Q:10006660,Laan v/d Vrede,G0014,available,Y,false,false,false,POINT (6.559579640865763 53.20145532406816),6.559579640865763,53.201455324068164
290,2017-09-20T01:39:03Z,NL:Q:10006840,Corpus den Hoorn Zuid,G0014,available,Y,false,true,true,POINT (6.55559164000058 53.1945477203423),6.55559164000058,53.1945477203423
291,2017-09-20T01:40:11Z,NL:Q:10006780,Corpus den Hoorn Zuid,G0014,available,Y,false,false,true,POINT (6.556005083035278 53.19378883059519),6.556005083035278,53.19378883059519
292,2017-09-20T01:40:11Z,NL:Q:10006830,Corpus den Hoorn Zuid,G0014,available,Y,false,false,false,POINT (6.554889833182239 53.19349415428587),6.554889833182239,53.193494154285865
293,2017-09-20T01:40:26Z,NL:Q:10006810,Sportlaan,G0014,available,Y,false,false,true,POINT (6.557959915853038 53.19359003587788),6.557959915853038,53.19359003587788
294,2017-09-20T01:42:22Z,NL:Q:10006820,Sportlaan,G0014,available,Y,false,false,true,POINT (6.55920458166236 53.19313754364364),6.55920458166236,53.19313754364364
295,2017-09-20T01:43:36Z,NL:Q:10006950,Hoornseplas,G0014,available,Y,false,false,true,POINT (6.546597723194593 53.1805622118688),6.546597723194593,53.180562211868796
296,2017-09-20T01:40:37Z,NL:Q:10006960,Hoornseplas,G0014,available,Y,false,false,false,POINT (6.54601135121874 53.18045105572562),6.54601135121874,53.18045105572562
297,2017-09-20T01:45:10Z,NL:Q:10007100,Van Swietenlaan,G0014,available,Y,false,true,true,POINT (6.548534245877651 53.19307958074509),6.548534245877651,53.19307958074509
298,2017-09-20T01:37:20Z,NL:Q:10007110,Van Swietenlaan,G0014,available,Y,false,true,true,POINT (6.548493474394477 53.19267558573113),6.548493474394477,53.19267558573113
299,2017-09-21T23:03:56Z,NL:Q:10007230,Paterswoldseweg,G0014,available,Y,false,false,false,POINT (6.554392708896033 53.21000705086315),6.5543927088960325,53.210007050863155
300,2017-09-21T23:03:56Z,NL:Q:10007240,Paterswoldseweg,G0014,available,Y,false,false,true,POINT (6.554184894374589 53.21007197726937),6.554184894374589,53.210071977269365
301,2017-09-20T01:44:19Z,NL:Q:10007510,Boumaboulevard,G0014,available,Y,false,false,false,POINT (6.588891928278871 53.20661105629206),6.588891928278871,53.20661105629206
302,2017-09-21T23:03:57Z,NL:Q:10007520,Boumaboulevard,G0014,available,Y,false,false,true,POINT (6.591154551830466 53.2077745829007),6.591154551830466,53.207774582900704
303,2017-09-21T23:04:05Z,NL:Q:10009420,Sontplein,G0014,available,Y,false,false,false,POINT (6.582471612309097 53.21585034725991),6.582471612309097,53.21585034725991
304,2017-09-20T01:39:18Z,NL:Q:10008050,Sontplein,G0014,available,Y,false,false,false,POINT (6.581521664469195 53.21614737228266),6.581521664469195,53.216147372282656
305,2017-09-20T01:43:37Z,NL:Q:10008060,Sontplein,G0014,available,Y,false,true,true,POINT (6.581935848339848 53.21542433509006),6.581935848339848,53.21542433509006
306,2017-09-20T01:42:00Z,NL:Q:10008110,Schoolholm,G0014,available,Y,false,false,true,POINT (6.564501877078673 53.21459019158559),6.564501877078673,53.214590191585586
307,2017-09-21T23:03:58Z,NL:Q:10008120,Schoolholm,G0014,available,Y,false,true,true,POINT (6.564918985999286 53.21451420682376),6.564918985999286,53.21451420682376
308,2017-09-20T01:38:29Z,NL:Q:10008290,Schuitendiep,G0014,available,Y,false,false,false,POINT (6.575272397511588 53.21700920508476),6.575272397511588,53.21700920508476
309,2017-09-20T01:38:29Z,NL:Q:10008300,Schuitendiep,G0014,available,Y,false,false,false,POINT (6.574722796779697 53.21716741475916),6.574722796779697,53.21716741475916
310,2017-09-20T01:44:41Z,NL:Q:10008430,Gotenburgweg,G0014,available,N,false,false,false,POINT (6.612087109906667 53.20536997905527),6.612087109906667,53.20536997905527
311,2017-09-20T01:42:01Z,NL:Q:10008440,Gotenburgweg,G0014,available,N,false,false,false,POINT (6.612265651127379 53.20533220992132),6.6122656511273785,53.20533220992132
312,2017-09-21T23:04:01Z,NL:Q:10008570,Osloweg,G0014,available,Y,false,false,true,POINT (6.595648426487402 53.21110830853746),6.5956484264874025,53.21110830853746
313,2017-09-20T01:39:33Z,NL:Q:10008580,Osloweg,G0014,available,Y,false,false,false,POINT (6.595524937704214 53.21097475549966),6.595524937704214,53.210974755499656
314,2017-09-20T01:38:30Z,NL:Q:10009270,Skagerrak,G0014,available,Y,false,false,false,POINT (6.605497407938992 53.21479200092017),6.605497407938992,53.21479200092017
315,2017-09-21T23:04:06Z,NL:Q:10009560,Wismarweg,G0014,available,N,false,false,false,POINT (6.603598257132484 53.21912476587028),6.603598257132484,53.21912476587028
316,2017-09-21T23:04:06Z,NL:Q:10009580,Wismarweg,G0014,available,N,false,false,false,POINT (6.603490699943531 53.21902700530629),6.603490699943531,53.21902700530629
317,2017-09-20T01:43:37Z,NL:Q:10009650,Wasaweg,G0014,available,Y,false,false,false,POINT (6.608070377647509 53.21260010888562),6.608070377647509,53.21260010888562
318,2017-09-20T01:40:28Z,NL:Q:10103600,De Boeg,G0014,available,Y,false,true,true,POINT (6.616305785760341 53.23793867498771),6.616305785760341,53.23793867498771
319,2015-08-13T17:54:03Z,NL:Q:10103650,De Boeg,G0014,available,N,,,,POINT (6.616523245718382 53.23768482854493),6.616523245718382,53.23768482854493
320,2017-09-20T01:45:14Z,NL:Q:10103610,Winkelc Lewenborg,G0014,available,Y,false,false,false,POINT (6.625160344912282 53.23800943144365),6.625160344912282,53.23800943144365
321,2017-09-20T01:37:02Z,NL:Q:10103620,Winkelc Lewenborg,G0014,available,Y,false,true,true,POINT (6.625360678120865 53.23820506629094),6.625360678120865,53.238205066290945
322,2017-09-21T23:04:09Z,NL:Q:10105070,Dukdalf,G0014,available,Y,false,true,true,POINT (6.620782298176529 53.2341903463701),6.620782298176529,53.2341903463701
323,2017-09-20T01:36:19Z,NL:Q:10105080,Dukdalf,G0014,available,Y,false,true,false,POINT (6.621896990341789 53.2344125313124),6.6218969903417895,53.2344125313124
324,2017-09-20T01:38:12Z,NL:Q:10155170,P+R Kardinge,G0014,available,Y,false,true,true,POINT (6.59452742029301 53.23797099945917),6.59452742029301,53.237970999459165
325,2017-09-20T01:37:37Z,NL:Q:10155180,P+R Kardinge,G0014,available,Y,false,true,true,POINT (6.59383214357485 53.23828352771683),6.59383214357485,53.23828352771683
326,2017-09-20T01:38:12Z,NL:Q:10105170,P+R Kardinge,G0014,available,Y,false,true,true,POINT (6.594424857248224 53.23805290843466),6.594424857248224,53.23805290843466
327,2017-09-20T01:39:06Z,NL:Q:10105180,P+R Kardinge,G0014,available,Y,false,true,true,POINT (6.594479823658452 53.23841181051261),6.594479823658452,53.23841181051261
328,2017-09-20T01:41:20Z,NL:Q:10108710,Ruischerwaard,G0014,available,N,false,true,true,POINT (6.619022173465077 53.23076662265748),6.619022173465077,53.230766622657484
329,2017-09-20T01:41:20Z,NL:Q:10108720,Ruischerwaard,G0014,available,N,false,false,true,POINT (6.620251417821244 53.23080791792697),6.620251417821244,53.23080791792697
330,2017-09-20T01:37:23Z,NL:Q:10109110,Middelberterweg 32,G0014,available,N,false,false,false,POINT (6.636059217958063 53.22278130107821),6.636059217958063,53.22278130107821
331,2017-09-20T01:40:47Z,NL:Q:10109120,Middelberterweg 32,G0014,available,N,false,false,false,POINT (6.636416050439811 53.22217549246387),6.636416050439811,53.22217549246387
332,2017-09-20T01:45:23Z,NL:Q:10112610,Prof. Uilkensweg,G0014,available,Y,false,false,false,POINT (6.518910059140317 53.24008268632922),6.518910059140317,53.24008268632922
333,2017-09-20T01:37:51Z,NL:Q:10112620,Prof. Uilkensweg,G0014,available,Y,false,false,true,POINT (6.51919586592569 53.24070004315463),6.51919586592569,53.240700043154625
334,2017-09-20T01:39:50Z,NL:Q:10116010,Augustinusstraat,G0014,available,N,false,false,false,POINT (6.499745294562173 53.23460950287485),6.499745294562173,53.234609502874854
335,2017-09-20T01:36:15Z,NL:Q:10116020,Augustinusstraat,G0014,available,N,false,false,false,POINT (6.499771373078387 53.23504060106412),6.499771373078387,53.23504060106412
336,2017-09-20T01:41:48Z,NL:Q:10116210,Leegeweg,G0014,available,N,false,false,false,POINT (6.500083561883232 53.22739039982501),6.5000835618832316,53.22739039982501
337,2017-09-20T01:41:48Z,NL:Q:10116310,Arminiusstraat,G0014,available,N,false,false,false,POINT (6.503786826759824 53.22640345512058),6.503786826759824,53.22640345512058
338,2017-09-21T23:04:14Z,NL:Q:10116320,Arminiusstraat,G0014,available,N,false,false,false,POINT (6.503518972778381 53.22646885101522),6.503518972778381,53.22646885101522
339,2017-09-20T01:37:19Z,NL:Q:10116610,Het Roege Bos,G0014,available,Y,false,false,true,POINT (6.5184148699299 53.22288760641484),6.5184148699299,53.22288760641484
340,2017-09-20T01:36:16Z,NL:Q:10116620,Het Roege Bos,G0014,available,Y,false,false,false,POINT (6.517134220570176 53.22258515140393),6.517134220570176,53.22258515140393
341,2017-09-20T01:44:34Z,NL:Q:10124550,Jan Ensinglaan,G0014,available,Y,false,false,false,POINT (6.506876197141019 53.2069282913634),6.506876197141019,53.206928291363404
342,2017-09-20T01:45:06Z,NL:Q:10124560,Jan Ensinglaan,G0014,available,Y,false,false,false,POINT (6.507568810113475 53.20650845328323),6.507568810113475,53.20650845328323
343,2017-09-20T01:45:51Z,NL:Q:10125010,J. v Zwedenlaan,G0014,available,N,false,false,false,POINT (6.513337622308679 53.20157484662094),6.513337622308679,53.20157484662094
344,2017-09-20T01:38:27Z,NL:Q:10125020,J. v Zwedenlaan,G0014,available,N,false,false,false,POINT (6.512992317954272 53.20153315600975),6.512992317954272,53.20153315600975
345,2017-09-20T01:40:10Z,NL:Q:10125710,Brug Vierverlaten,G0014,available,N,false,false,true,POINT (6.487142608899739 53.21199041107447),6.487142608899739,53.211990411074474
346,2017-09-20T01:41:17Z,NL:Q:10125720,Brug Vierverlaten,G0014,available,N,false,false,false,POINT (6.48663467515947 53.21203101192658),6.48663467515947,53.21203101192658
347,2017-09-20T01:37:51Z,NL:Q:10126110,Suikerbrug,G0014,available,N,false,false,false,POINT (6.496973405761011 53.21590777217723),6.496973405761011,53.21590777217723
348,2017-09-20T01:36:46Z,NL:Q:10126120,Suikerbrug,G0014,available,N,false,false,false,POINT (6.495089355266059 53.21482885504948),6.495089355266059,53.21482885504948
349,2017-09-20T01:37:01Z,NL:Q:10155630,Winkelcentrum Oost,G0014,available,Y,false,false,false,POINT (6.602771356883295 53.24881521927902),6.602771356883295,53.24881521927902
350,2017-09-21T23:04:21Z,NL:Q:10155640,Winkelcentrum Oost,G0014,available,Y,false,true,true,POINT (6.602695140591027 53.24930125407251),6.6026951405910275,53.249301254072506
351,2017-09-21T23:04:21Z,NL:Q:10155650,Jensemaheerd,G0014,available,N,false,true,true,POINT (6.600972879225528 53.25252680463261),6.600972879225528,53.25252680463261
352,2017-09-20T01:41:30Z,NL:Q:10155660,Jensemaheerd,G0014,available,Y,false,true,false,POINT (6.601057958965584 53.25235520397266),6.601057958965584,53.25235520397266
353,2017-09-20T01:41:06Z,NL:Q:10155670,Scheltemaheerd,G0014,available,Y,false,true,true,POINT (6.595633682323947 53.25288620026709),6.595633682323947,53.25288620026709
354,2017-09-20T01:37:52Z,NL:Q:10155680,Scheltemaheerd,G0014,available,Y,false,false,false,POINT (6.596872223995085 53.25270298708298),6.596872223995085,53.25270298708298
355,2017-09-21T23:04:21Z,NL:Q:10155710,Mudaheerd,G0014,available,Y,false,true,true,POINT (6.587096683230151 53.24979066678075),6.587096683230151,53.24979066678075
356,2017-09-20T01:36:18Z,NL:Q:10155720,Mudaheerd,G0014,available,Y,false,true,false,POINT (6.587269688289126 53.25062466591668),6.587269688289126,53.25062466591668
357,2017-09-20T01:42:37Z,NL:Q:10001210,St. Eustatiusstraat,G0014,available,Y,false,true,true,POINT (6.575588448496591 53.23340622619433),6.575588448496591,53.233406226194326
358,2017-09-20T01:39:33Z,NL:Q:10001340,St. Eustatiusstraat,G0014,available,Y,false,false,false,POINT (6.576183386169341 53.23434390156753),6.576183386169341,53.23434390156753
359,2017-09-20T01:42:22Z,NL:Q:10001230,v. Oldenbarneveltlaan,G0014,available,Y,false,false,true,POINT (6.560151512814206 53.23247073786751),6.5601515128142065,53.23247073786751
360,2017-09-20T01:40:26Z,NL:Q:10001240,v. Oldenbarneveltlaan,G0014,available,Y,false,false,false,POINT (6.558848027915182 53.23300467759485),6.558848027915182,53.23300467759485
361,2017-09-20T01:37:36Z,NL:Q:10001290,Curacaostraat,G0014,available,Y,false,true,true,POINT (6.567422157553207 53.23656013770795),6.5674221575532075,53.23656013770795
362,2017-09-20T01:38:28Z,NL:Q:10001300,Curacaostraat,G0014,available,N,false,false,false,POINT (6.567012454756492 53.23636646622154),6.567012454756492,53.23636646622154
363,2017-09-20T01:44:35Z,NL:Q:10001310,Arubastraat,G0014,available,Y,false,true,true,POINT (6.570073555352977 53.23602181533553),6.570073555352977,53.23602181533553
364,2017-09-20T01:39:32Z,NL:Q:10001320,Arubastraat,G0014,available,Y,false,false,false,POINT (6.57010743914753 53.23616526289865),6.57010743914753,53.23616526289865
365,2017-09-20T01:43:31Z,NL:Q:10001470,Bordewijklaan,G0014,available,Y,false,true,true,POINT (6.574992369941212 53.19101419085315),6.574992369941212,53.19101419085315
366,2017-09-20T01:37:52Z,NL:Q:10001480,Bordewijklaan,G0014,available,Y,false,true,false,POINT (6.575159133422201 53.19109341750719),6.575159133422201,53.19109341750719
367,2017-09-20T01:36:47Z,NL:Q:10001490,Vestdijklaan,G0014,available,Y,false,true,false,POINT (6.57024340302847 53.19080052149346),6.57024340302847,53.190800521493465
368,2017-09-20T01:37:52Z,NL:Q:10001500,Vestdijklaan,G0014,available,Y,false,false,false,POINT (6.570988865672959 53.19070330102207),6.570988865672959,53.19070330102207
369,2017-09-20T01:41:41Z,NL:Q:10002130,Palmelaan,G0014,available,Y,false,false,false,POINT (6.555010114340757 53.18741813888437),6.555010114340757,53.18741813888437
370,2017-09-20T01:43:48Z,NL:Q:10002140,Palmelaan,G0014,available,Y,false,true,true,POINT (6.554714604325849 53.18755581307173),6.554714604325849,53.187555813071725
371,2017-09-20T01:42:31Z,NL:Q:10002150,W. Dreesstraat,G0014,available,Y,false,false,true,POINT (6.558354714592852 53.18716984824443),6.558354714592852,53.18716984824443
372,2017-09-21T23:03:36Z,NL:Q:10002160,W. Dreesstraat,G0014,available,Y,false,false,false,POINT (6.558653615704279 53.18715794244361),6.558653615704279,53.18715794244361
373,2017-09-20T01:37:01Z,NL:Q:10002170,Eisenhowerstraat,G0014,available,Y,false,false,false,POINT (6.560159895484319 53.18974030909362),6.560159895484319,53.18974030909362
374,2017-09-20T01:43:12Z,NL:Q:10002180,Eisenhowerstraat,G0014,available,Y,false,true,true,POINT (6.560109906368916 53.1895520822087),6.560109906368916,53.1895520822087
375,2017-09-21T23:03:37Z,NL:Q:10002190,den Uylstraat,G0014,available,Y,false,true,false,POINT (6.557477374394932 53.19124029420352),6.557477374394932,53.191240294203524
376,2017-09-20T01:36:17Z,NL:Q:10002200,den Uylstraat,G0014,available,Y,false,true,true,POINT (6.557797712852771 53.19091365552664),6.557797712852771,53.190913655526636
377,2017-09-20T01:45:19Z,NL:Q:10002220,Maartenshof,G0014,available,Y,false,false,true,POINT (6.559246031266658 53.19190599410592),6.559246031266658,53.19190599410592
378,2017-09-20T01:39:03Z,NL:Q:10002890,Opaalstraat,G0014,available,Y,false,false,true,POINT (6.5225343079781 53.22466393713935),6.5225343079781,53.22466393713935
379,2017-09-21T23:03:38Z,NL:Q:10002900,Opaalstraat,G0014,available,Y,false,false,false,POINT (6.52225199497606 53.22474748455404),6.5222519949760605,53.224747484554044
380,2017-09-20T01:36:18Z,NL:Q:10003130,A-Kerkhof,G0014,available,Y,false,true,false,POINT (6.561596149221845 53.21619128725272),6.561596149221845,53.21619128725272
381,2017-09-20T01:41:06Z,NL:Q:10003140,A-Kerkhof,G0014,available,Y,false,true,true,POINT (6.561660167506121 53.21634342926432),6.561660167506121,53.21634342926432
382,2017-09-20T01:45:47Z,NL:Q:10003210,Goudlaan,G0014,available,Y,false,true,true,POINT (6.535225520755203 53.22215283016814),6.535225520755203,53.22215283016814
383,2017-09-20T01:44:17Z,NL:Q:10003220,Goudlaan,G0014,available,Y,false,true,true,POINT (6.534780731739709 53.22231883872912),6.534780731739709,53.222318838729116
384,2017-09-21T23:03:40Z,NL:Q:10003250,J. Steenstraat,G0014,available,Y,false,true,false,POINT (6.548222385805659 53.21658204767612),6.548222385805659,53.21658204767612
385,2017-09-20T01:37:19Z,NL:Q:10003260,J. Steenstraat,G0014,available,Y,false,true,true,POINT (6.54699818914628 53.21671071000443),6.54699818914628,53.21671071000443
386,2017-09-20T01:44:10Z,NL:Q:10003330,Oranjesingel,G0014,available,Y,false,true,true,POINT (6.553794464944152 53.21945755859099),6.5537944649441515,53.21945755859099
387,2017-09-20T01:42:31Z,NL:Q:10003340,Oranjesingel,G0014,available,Y,false,true,false,POINT (6.55365011448296 53.21965666204918),6.55365011448296,53.21965666204918
388,2017-09-20T01:44:13Z,NL:Q:10004510,Winkelc P'poel,G0014,available,Y,false,true,true,POINT (6.543087012593028 53.22833185121366),6.543087012593028,53.22833185121366
389,2017-09-20T01:39:03Z,NL:Q:10004170,Winkelc P'poel,G0014,available,Y,false,true,true,POINT (6.542303847706815 53.22872580388731),6.542303847706815,53.22872580388731
390,2017-09-20T01:38:10Z,NL:Q:10004180,Winkelc P'poel,G0014,available,Y,false,true,true,POINT (6.54290336018495 53.2293041432045),6.54290336018495,53.2293041432045
391,2017-09-20T01:36:16Z,NL:Q:10004090,Kometenstraat,G0014,available,N,false,false,false,POINT (6.539609691913831 53.23439511005598),6.539609691913831,53.23439511005598
392,2017-09-20T01:43:03Z,NL:Q:10004100,Kometenstraat,G0014,available,N,false,true,true,POINT (6.539707673259169 53.23357641532856),6.539707673259169,53.233576415328564
393,2017-09-20T01:41:41Z,NL:Q:10004310,Peizerweg 128,G0014,available,N,false,false,false,POINT (6.541187380123565 53.20878683980066),6.541187380123565,53.20878683980066
394,2017-09-20T01:37:19Z,NL:Q:10004320,Peizerweg 128,G0014,available,N,false,false,true,POINT (6.542328542304324 53.20891963968693),6.5423285423043245,53.20891963968693
395,2017-09-21T23:03:49Z,NL:Q:10005910,Kranenburg,G0014,available,Y,false,false,false,POINT (6.528514780068964 53.20390265879479),6.5285147800689645,53.20390265879479
396,2017-09-21T23:03:49Z,NL:Q:10005920,Kranenburg,G0014,available,Y,false,false,false,POINT (6.527864256201649 53.203639254838),6.527864256201649,53.203639254838
397,2017-09-20T01:40:26Z,NL:Q:10005020,Venuslaan,G0014,available,Y,false,true,true,POINT (6.537871192498902 53.2309790204914),6.537871192498902,53.2309790204914
398,2017-09-20T01:41:18Z,NL:Q:10005050,Uranusstraat,G0014,available,N,false,true,true,POINT (6.534747249793297 53.23402832964888),6.5347472497932975,53.23402832964888
399,2017-09-20T01:43:48Z,NL:Q:10005070,Avondsterlaan,G0014,available,Y,false,false,true,POINT (6.53381055103121 53.23090106237563),6.53381055103121,53.23090106237563
400,2017-09-20T01:40:11Z,NL:Q:10005190,Nassauplein,G0014,available,Y,false,true,true,POINT (6.54743692925531 53.22134343092503),6.54743692925531,53.22134343092503
401,2017-09-21T23:03:44Z,NL:Q:10005200,Nassauplein,G0014,available,Y,false,true,true,POINT (6.547800047075265 53.22148370105044),6.547800047075265,53.22148370105044
402,2017-09-20T01:38:11Z,NL:Q:10005370,v. K. Verschuurlaan,G0014,available,Y,false,true,true,POINT (6.58183077082498 53.19536762179706),6.58183077082498,53.19536762179706
403,2017-09-20T01:43:59Z,NL:Q:10005380,v. K. Verschuurlaan,G0014,available,Y,false,true,true,POINT (6.581708114169263 53.19526100563071),6.581708114169263,53.195261005630705
404,2017-09-20T01:37:21Z,NL:Q:10005390,Van Iddekingeweg,G0014,available,Y,false,true,true,POINT (6.578772000065951 53.20003506644001),6.578772000065951,53.20003506644001
405,2017-09-20T01:44:25Z,NL:Q:10005400,Van Iddekingeweg,G0014,available,Y,false,true,true,POINT (6.578751098282667 53.19981959896175),6.578751098282667,53.19981959896175
406,2017-09-20T01:44:47Z,NL:Q:10005450,Vechtstraat,G0014,available,Y,false,false,false,POINT (6.572593062118091 53.20884009406279),6.5725930621180915,53.20884009406279
407,2017-09-20T01:44:22Z,NL:Q:10005460,Vechtstraat,G0014,available,Y,false,true,true,POINT (6.572561596193393 53.20823831424373),6.572561596193393,53.20823831424373
408,2017-09-20T01:44:22Z,NL:Q:10005790,Nolenslaan,G0014,available,N,false,true,false,POINT (6.593886022365651 53.19569626999986),6.593886022365651,53.19569626999986
409,2017-09-20T01:39:06Z,NL:Q:10005800,Nolenslaan,G0014,available,N,false,false,true,POINT (6.593826509369456 53.19624504500885),6.593826509369456,53.19624504500885
410,2017-09-20T01:39:06Z,NL:Q:10005810,Saaksumborg,G0014,available,N,false,false,true,POINT (6.59527391450681 53.19341770035648),6.5952739145068096,53.19341770035648
411,2017-09-20T01:45:45Z,NL:Q:10005820,Saaksumborg,G0014,available,N,false,false,false,POINT (6.595144707979095 53.19307751446661),6.595144707979095,53.19307751446661
412,2017-09-20T01:42:23Z,NL:Q:10005830,Esserhaag,G0014,available,Y,false,false,false,POINT (6.592418086917609 53.19242197014514),6.592418086917609,53.19242197014514
413,2017-09-20T01:43:48Z,NL:Q:10005840,Esserhaag,G0014,available,Y,false,false,true,POINT (6.593436543230386 53.19245666408271),6.593436543230386,53.19245666408271
414,2017-09-20T01:45:38Z,NL:Q:10005870,Verl. Hereweg,G0014,available,N,false,false,false,POINT (6.583028369694658 53.19484345814765),6.583028369694658,53.19484345814765
415,2017-09-20T01:45:51Z,NL:Q:10005880,Verl. Hereweg,G0014,available,N,false,false,false,POINT (6.583272749284746 53.1944815620135),6.583272749284746,53.1944815620135
416,2017-09-20T01:37:36Z,NL:Q:10005900,W. van Doeverenplein,G0014,available,Y,false,false,true,POINT (6.571614554723053 53.22666979018049),6.571614554723053,53.22666979018049
417,2017-09-20T01:37:36Z,NL:Q:10006060,W. van Doeverenplein,G0014,available,Y,false,false,true,POINT (6.571323753860708 53.22698718299964),6.571323753860708,53.226987182999636
418,2017-09-20T01:37:52Z,NL:Q:10005950,Oostersingel,G0014,available,N,false,false,false,POINT (6.574195632069097 53.22141421160311),6.574195632069097,53.22141421160311
419,2017-09-20T01:40:37Z,NL:Q:10005960,Oostersingel,G0014,available,N,false,false,false,POINT (6.574487114965052 53.22112376326966),6.574487114965052,53.22112376326966
420,2017-09-20T01:37:20Z,NL:Q:10006140,Floresstraat,G0014,available,Y,false,true,true,POINT (6.563722150441057 53.23269639216375),6.563722150441057,53.232696392163746
421,2017-09-20T01:37:20Z,NL:Q:10006080,Floresstraat,G0014,available,Y,false,false,false,POINT (6.564740028008634 53.23322559039649),6.564740028008634,53.23322559039649
422,2017-09-20T01:42:22Z,NL:Q:10006130,Floresstraat,G0014,available,Y,false,true,true,POINT (6.564092711556701 53.23365429780232),6.564092711556701,53.23365429780232
423,2017-09-20T01:36:47Z,NL:Q:10006090,UMCG Hoofdingang,G0014,available,Y,false,true,false,POINT (6.576615798873442 53.22067133491188),6.576615798873442,53.220671334911884
424,2017-09-20T01:37:36Z,NL:Q:10006100,UMCG Hoofdingang,G0014,available,Y,false,true,true,POINT (6.576826350083889 53.22070519326529),6.576826350083889,53.22070519326529
425,2017-09-20T01:45:53Z,NL:Q:10006210,Korenstraat,G0014,available,N,false,true,false,POINT (6.563866114206288 53.2231334947415),6.563866114206288,53.223133494741504
426,2017-09-20T01:38:11Z,NL:Q:10006550,H. R. Holststraat,G0014,available,Y,false,true,true,POINT (6.567327094929853 53.2001751705171),6.567327094929853,53.2001751705171
427,2017-09-20T01:40:26Z,NL:Q:10006590,Parkbrug,G0014,available,N,false,false,true,POINT (6.562781616537958 53.20693266670229),6.562781616537958,53.206932666702286
428,2017-09-20T01:43:04Z,NL:Q:10006600,Parkbrug,G0014,available,Y,false,true,true,POINT (6.561988522623241 53.20694043585226),6.561988522623241,53.20694043585226
429,2017-09-20T01:43:23Z,NL:Q:10006930,Lepelaar,G0014,available,Y,false,true,true,POINT (6.544906338624272 53.183319425584),6.544906338624272,53.183319425583996
430,2017-09-20T01:36:17Z,NL:Q:10006940,Lepelaar,G0014,available,Y,false,false,true,POINT (6.544943461570905 53.18358866105059),6.544943461570905,53.18358866105059
431,2017-09-20T01:43:23Z,NL:Q:10007330,Linnaeusplein,G0014,available,Y,false,false,false,POINT (6.583202062180248 53.22277159247042),6.583202062180248,53.222771592470416
432,2017-09-20T01:38:29Z,NL:Q:10007380,Linnaeusplein,G0014,available,Y,false,false,false,POINT (6.58336498539694 53.22270706370089),6.58336498539694,53.22270706370089
433,2017-09-21T23:03:56Z,NL:Q:10007340,Wielewaalplein,G0014,available,Y,false,false,true,POINT (6.577338592767959 53.22788922523241),6.577338592767959,53.22788922523241
434,2017-09-20T01:41:30Z,NL:Q:10007370,Wielewaalplein,G0014,available,Y,false,false,true,POINT (6.576017874148767 53.22887284431007),6.576017874148767,53.22887284431007
435,2017-09-20T01:38:29Z,NL:Q:10007350,Klaprooslaan,G0014,available,Y,false,false,true,POINT (6.580796364411039 53.22512302211076),6.5807963644110385,53.22512302211076
436,2017-09-20T01:36:47Z,NL:Q:10007360,Klaprooslaan,G0014,available,Y,false,false,false,POINT (6.580724738519386 53.22524055760552),6.580724738519386,53.22524055760552
437,2017-09-20T01:40:27Z,NL:Q:10008360,Zuiderdiep,G0014,available,Y,false,false,true,POINT (6.567636287647661 53.21479304105647),6.567636287647661,53.21479304105647
438,2017-09-20T01:41:30Z,NL:Q:10008370,Zuiderdiep,G0014,available,Y,false,true,true,POINT (6.570731519948278 53.21575105341937),6.570731519948278,53.21575105341937
439,2017-09-20T01:40:46Z,NL:Q:10008380,Zuiderdiep,G0014,available,Y,false,false,true,POINT (6.57091358450242 53.21583912142354),6.57091358450242,53.215839121423535
440,2017-09-20T01:41:41Z,NL:Q:10008390,Zuiderdiep,G0014,available,Y,false,true,true,POINT (6.569298594964904 53.21536079126373),6.569298594964904,53.215360791263734
441,2017-09-20T01:37:36Z,NL:Q:10008400,Zuiderdiep,G0014,available,Y,false,false,false,POINT (6.570340409597757 53.21568301950868),6.570340409597757,53.21568301950868
442,2017-09-20T01:42:31Z,NL:Q:10008090,Zuiderdiep,G0014,available,Y,false,true,true,POINT (6.567247888268253 53.21482382089719),6.567247888268253,53.214823820897195
443,2017-09-20T01:41:30Z,NL:Q:10008100,Zuiderdiep,G0014,available,Y,false,true,true,POINT (6.571080190623361 53.21590936887372),6.571080190623361,53.21590936887372
444,2017-09-20T01:39:06Z,NL:Q:10008470,Rouaanstraat,G0014,available,Y,false,false,false,POINT (6.612427449659563 53.19783580981917),6.612427449659563,53.197835809819175
445,2017-09-20T01:37:22Z,NL:Q:10008480,Rouaanstraat,G0014,available,Y,false,false,false,POINT (6.611964686549757 53.19787648199844),6.611964686549757,53.19787648199844
446,2017-09-20T01:45:03Z,NL:Q:10008510,Antwerpenweg,G0014,available,N,false,false,false,POINT (6.602622666759498 53.20359705446315),6.6026226667594985,53.203597054463145
447,2017-09-20T01:36:48Z,NL:Q:10008530,Antwerpenweg,G0014,available,Y,false,false,true,POINT (6.601504925199284 53.20430033354081),6.601504925199284,53.204300333540814
448,2017-09-20T01:45:20Z,NL:Q:10008600,Stockholmstraat,G0014,available,Y,false,false,false,POINT (6.593753210348009 53.21561161969354),6.593753210348009,53.21561161969354
449,2017-09-20T01:39:33Z,NL:Q:10008650,IKEA,G0014,available,Y,false,true,true,POINT (6.586950717350222 53.21756698241311),6.586950717350222,53.21756698241311
450,2017-09-21T23:04:01Z,NL:Q:10008660,IKEA,G0014,available,N,false,false,false,POINT (6.585528320982307 53.21702403837669),6.585528320982307,53.217024038376685
451,2017-09-20T01:38:29Z,NL:Q:10008770,Oliemuldersweg,G0014,available,Y,false,false,false,POINT (6.587321397528976 53.22175094604408),6.587321397528976,53.221750946044075
452,2017-09-20T01:40:46Z,NL:Q:10008780,Oliemuldersweg,G0014,available,Y,false,false,false,POINT (6.591232914669846 53.22295188696891),6.591232914669846,53.222951886968914
453,2017-09-21T23:04:02Z,NL:Q:10008830,Florakade,G0014,available,Y,false,false,true,POINT (6.59274302128257 53.22448238852223),6.59274302128257,53.224482388522226
454,2017-09-21T23:04:02Z,NL:Q:10008840,Florakade,G0014,available,Y,false,false,true,POINT (6.592912202379799 53.22464244419481),6.592912202379799,53.22464244419481
455,2017-09-20T01:37:52Z,NL:Q:10009430,Trompstraat,G0014,available,Y,false,false,false,POINT (6.576813591545148 53.21480124978982),6.5768135915451476,53.21480124978982
456,2017-09-20T01:36:18Z,NL:Q:10009440,Trompstraat,G0014,available,Y,false,true,true,POINT (6.575847324394529 53.21450528828798),6.575847324394529,53.21450528828798
457,2017-09-20T01:40:27Z,NL:Q:10101570,Beneluxweg,G0014,available,Y,false,false,true,POINT (6.592910132423495 53.23583951280423),6.592910132423495,53.23583951280423
458,2017-09-20T01:38:30Z,NL:Q:10101580,Beneluxweg,G0014,available,Y,false,false,true,POINT (6.593391053127579 53.23589758534937),6.593391053127579,53.23589758534937
459,2017-09-20T01:36:20Z,NL:Q:10103950,Wimpel,G0014,available,Y,false,false,false,POINT (6.624228512707277 53.2410384738785),6.624228512707277,53.2410384738785
460,2017-09-20T01:36:20Z,NL:Q:10103960,Wimpel,G0014,available,Y,false,true,true,POINT (6.624562142579442 53.24065760588064),6.624562142579442,53.240657605880635
461,2017-09-20T01:41:41Z,NL:Q:10105030,Meerpaal,G0014,available,N,false,true,true,POINT (6.629051891508187 53.23582147446389),6.629051891508187,53.23582147446389
462,2017-09-20T01:42:32Z,NL:Q:10105040,Meerpaal,G0014,available,Y,false,true,false,POINT (6.626961775884909 53.23553754358164),6.626961775884909,53.23553754358164
463,2017-09-20T01:39:34Z,NL:Q:10105060,Baken,G0014,available,Y,false,true,false,POINT (6.624519834330966 53.23499659760077),6.624519834330966,53.23499659760077
464,2017-09-20T01:42:55Z,NL:Q:10108610,Sportveld,G0014,available,Y,false,true,true,POINT (6.649497454132366 53.20763319424888),6.649497454132366,53.20763319424888
465,2017-09-20T01:45:42Z,NL:Q:10108620,Sportveld,G0014,available,Y,false,false,false,POINT (6.649371187249344 53.20740985909664),6.649371187249344,53.20740985909664
466,2017-09-20T01:41:20Z,NL:Q:10108730,Ringweg Oost,G0014,available,Y,false,false,false,POINT (6.605673053413407 53.22792839243795),6.605673053413407,53.227928392437946
467,2017-09-20T01:39:34Z,NL:Q:10108740,Ringweg Oost,G0014,available,N,false,false,false,POINT (6.607067141276366 53.2279771347017),6.607067141276366,53.227977134701696
468,2017-09-20T01:37:19Z,NL:Q:10115930,Zijlvesterweg,G0014,available,N,false,false,false,POINT (6.49413062368362 53.24169763566474),6.4941306236836205,53.241697635664735
469,2017-09-20T01:43:12Z,NL:Q:10115910,Zijlvesterweg,P0020,available,N,false,false,false,POINT (6.494792114599766 53.24237448653916),6.4947921145997665,53.242374486539155
470,2017-09-20T01:43:03Z,NL:Q:10115920,Zijlvesterweg,P0020,available,N,false,false,false,POINT (6.493085906123617 53.2430192528265),6.493085906123617,53.2430192528265
471,2017-09-21T23:04:14Z,NL:Q:10116410,De Held,G0014,available,N,false,false,true,POINT (6.513864428182981 53.2269652642817),6.5138644281829805,53.226965264281695
472,2017-09-20T01:36:16Z,NL:Q:10116420,De Held,G0014,available,N,false,false,false,POINT (6.513896947058171 53.22706380817931),6.513896947058171,53.22706380817931
473,2017-09-20T01:45:45Z,NL:Q:10126210,UT Delfiaweg-Oost,G0014,available,N,false,false,false,POINT (6.517856066274052 53.21526348728143),6.517856066274052,53.21526348728143
474,2017-09-20T01:43:36Z,NL:Q:10126220,UT Delfiaweg-Oost,G0014,available,N,false,false,false,POINT (6.516654761968897 53.21569715920029),6.516654761968897,53.21569715920029
475,2017-09-20T01:45:30Z,NL:Q:10128250,Kerkstraat,G0014,available,Y,false,true,false,POINT (6.502075065096474 53.21635472362217),6.5020750650964745,53.216354723622175
476,2017-09-20T01:39:31Z,NL:Q:10128270,Fabriekslaan,G0014,available,Y,false,true,false,POINT (6.501710253001565 53.21439909755158),6.501710253001565,53.214399097551585
477,2017-09-20T01:39:03Z,NL:Q:10128280,Fabriekslaan,G0014,available,N,false,true,false,POINT (6.500976800204163 53.2155651422159),6.500976800204163,53.2155651422159
478,2017-09-20T01:37:21Z,NL:Q:10152230,Bakemastraat,G0014,available,Y,false,true,true,POINT (6.581645531165356 53.24121814693812),6.581645531165356,53.241218146938124
479,2017-09-20T01:36:18Z,NL:Q:10152240,Bakemastraat,G0014,available,Y,false,true,false,POINT (6.583645322994446 53.24094661286707),6.583645322994446,53.24094661286707
480,2017-09-20T01:45:25Z,NL:Q:10155410,Gemaal,G0014,available,N,false,false,false,POINT (6.581560351365056 53.25113990358324),6.581560351365056,53.25113990358324
481,2017-09-20T01:36:47Z,NL:Q:10155420,Gemaal,G0014,available,N,false,false,false,POINT (6.581338965722872 53.25071974897156),6.581338965722872,53.25071974897156
482,2017-09-20T01:36:47Z,NL:Q:10155570,Granpre Moliereweg,G0014,available,Y,false,false,false,POINT (6.579106520991973 53.24312153024498),6.5791065209919735,53.243121530244984
483,2017-09-20T01:42:12Z,NL:Q:10155580,Granpre Moliereweg,G0014,available,Y,false,true,false,POINT (6.577938471192513 53.24259394246123),6.577938471192513,53.242593942461234
484,2017-09-20T01:38:12Z,NL:Q:10155610,Wibenaheerd,G0014,available,Y,false,true,true,POINT (6.602214575969721 53.24713142080543),6.602214575969721,53.24713142080543
485,2017-09-20T01:40:27Z,NL:Q:10155690,Edzemaheerd,G0014,available,Y,false,true,true,POINT (6.590293855869521 53.2526882120721),6.590293855869521,53.2526882120721
486,2017-09-20T01:40:27Z,NL:Q:10155700,Edzemaheerd,G0014,available,Y,false,false,false,POINT (6.591423350351104 53.25289255992442),6.591423350351104,53.25289255992442
487,2017-09-20T01:37:21Z,NL:Q:10155730,Winkelcentrum West,G0014,available,Y,false,true,true,POINT (6.588056514494966 53.24659092092363),6.588056514494966,53.24659092092363
488,2017-09-21T23:04:21Z,NL:Q:10155740,Winkelcentrum West,G0014,available,Y,false,true,false,POINT (6.588014079321565 53.24668120879898),6.588014079321565,53.24668120879898
489,2017-09-20T01:39:32Z,NL:Q:10255410,Oude Adorperweg,P0020,available,N,false,false,false,POINT (6.543340629748259 53.2534820370676),6.543340629748259,53.2534820370676
490,2017-09-20T01:37:19Z,NL:Q:10255420,Oude Adorperweg,P0020,available,N,false,false,false,POINT (6.54284156699114 53.25443039828529),6.54284156699114,53.25443039828529
491,2017-09-20T01:39:03Z,NL:Q:11215710,Gaaikemadijk,P0020,available,N,false,false,false,POINT (6.488172858802446 53.24421464938433),6.488172858802446,53.244214649384325
492,2017-09-20T01:39:02Z,NL:Q:11215720,Gaaikemadijk,P0020,available,N,false,false,false,POINT (6.486341171464024 53.24464480025672),6.486341171464024,53.244644800256715
493,2017-09-20T01:43:26Z,NL:Q:12548210,Veldzicht,G0040,available,Y,false,false,false,POINT (6.671821754626313 53.20935529249191),6.671821754626313,53.20935529249191
494,2017-09-20T01:38:46Z,NL:Q:12548220,Veldzicht,G0040,available,Y,false,false,false,POINT (6.672312107673533 53.20923321533149),6.672312107673533,53.20923321533149
495,2017-09-20T01:39:34Z,NL:Q:12548410,Grunostrand,G0040,available,Y,false,false,false,POINT (6.662045230439399 53.21132878410403),6.662045230439399,53.21132878410403
496,2017-09-20T01:45:11Z,NL:Q:12548420,Grunostrand,G0040,available,Y,false,false,false,POINT (6.663182165291492 53.21079547722172),6.6631821652914915,53.210795477221716
497,2017-09-21T23:03:57Z,NL:Q:10007530,Station Europapark,G0014,available,Y,false,false,false,POINT (6.58710402417115 53.20475078265723),6.58710402417115,53.20475078265723
498,2017-09-21T23:03:57Z,NL:Q:10007540,Station Europapark,G0014,available,Y,false,false,true,POINT (6.58733620442018 53.20448785267261),6.58733620442018,53.20448785267261
499,2017-09-21T23:03:43Z,NL:Q:10004530,Station Europapark,G0014,available,Y,true,false,true,POINT (6.587465384415204 53.2048280457846),6.587465384415204,53.2048280457846
500,2017-09-21T23:03:43Z,NL:Q:10004540,Station Europapark,G0014,available,Y,true,false,true,POINT (6.587247917120885 53.20508184234122),6.587247917120885,53.20508184234122
501,2017-09-21T23:04:02Z,NL:Q:10008930,P3 / Boumaboulevard,G0014,available,Y,false,true,true,POINT (6.593403156818303 53.20950435502271),6.593403156818303,53.20950435502271
502,2017-09-21T23:04:02Z,NL:Q:10008910,P3 / Boumaboulevard,G0014,available,N,false,true,true,POINT (6.593509163546125 53.20954822145136),6.593509163546125,53.20954822145136
503,2017-09-21T23:04:02Z,NL:Q:10008920,P3 / Boumaboulevard,G0014,available,Y,false,true,true,POINT (6.593157525425956 53.20982135033313),6.593157525425956,53.20982135033313
504,2017-09-21T23:04:02Z,NL:Q:10009011,Hoofdstation,G0014,available,N,true,true,true,POINT (6.564239602485412 53.21155536051264),6.564239602485412,53.21155536051264
505,2017-09-21T23:04:02Z,NL:Q:10009012,Hoofdstation,G0014,available,Y,true,true,false,POINT (6.565270516857103 53.21148233721988),6.565270516857103,53.21148233721988
506,2017-09-21T23:04:03Z,NL:Q:10009019,Hoofdstation,G0014,available,N,false,false,true,POINT (6.567937580668315 53.2115729422131),6.567937580668315,53.2115729422131
507,2017-09-21T23:04:04Z,NL:Q:10009034,Hoofdstation,G0014,available,N,false,false,true,POINT (6.567885323720803 53.21130386408751),6.567885323720803,53.21130386408751
508,2017-09-21T23:04:03Z,NL:Q:10009013,Hoofdstation,G0014,available,N,false,false,false,POINT (6.566314923187839 53.21135525397736),6.566314923187839,53.21135525397736
509,2017-09-21T23:04:04Z,NL:Q:10009027,Hoofdstation,G0014,available,N,true,false,true,POINT (6.567166488106655 53.21129296326672),6.567166488106655,53.21129296326672
510,2017-09-21T23:04:03Z,NL:Q:10009021,Hoofdstation,G0014,available,N,false,false,true,POINT (6.566447652820792 53.21128205813874),6.566447652820792,53.21128205813874
511,2017-09-21T23:04:04Z,NL:Q:10009035,Hoofdstation,G0014,available,N,false,false,true,POINT (6.568005047901813 53.21130268580588),6.5680050479018135,53.21130268580588
512,2017-09-21T23:04:03Z,NL:Q:10009014,Hoofdstation,G0014,available,N,false,true,true,POINT (6.56672364972232 53.21152197812449),6.56672364972232,53.21152197812449
513,2017-09-21T23:04:04Z,NL:Q:10009028,Hoofdstation,G0014,available,N,false,false,true,POINT (6.567286212282767 53.21129178570229),6.567286212282767,53.211291785702294
514,2017-09-21T23:04:03Z,NL:Q:10009022,Hoofdstation,G0014,available,N,false,false,true,POINT (6.566567376991979 53.21128088129151),6.566567376991979,53.211280881291515
515,2017-09-21T23:04:04Z,NL:Q:10009036,Hoofdstation,G0014,available,N,false,false,false,POINT (6.567726344906662 53.21151211601942),6.567726344906662,53.21151211601942
516,2017-09-21T23:04:03Z,NL:Q:10009015,Hoofdstation,G0014,available,N,false,true,true,POINT (6.566797742407664 53.21149429043065),6.566797742407664,53.21149429043065
517,2017-09-21T23:04:04Z,NL:Q:10009029,Hoofdstation,G0014,available,N,false,false,true,POINT (6.567405936451411 53.21129060801842),6.567405936451411,53.211290608018416
518,2017-09-21T23:04:03Z,NL:Q:10009023,Hoofdstation,G0014,available,N,false,false,true,POINT (6.566687101155702 53.21127970432489),6.566687101155702,53.21127970432489
519,2017-09-21T23:04:03Z,NL:Q:10009016,Hoofdstation,G0014,available,N,false,true,true,POINT (6.567098034950659 53.21152728321514),6.567098034950659,53.21152728321514
520,2017-09-21T23:04:04Z,NL:Q:10009031,Hoofdstation,G0014,available,N,false,false,true,POINT (6.567525905872704 53.21129841421551),6.567525905872704,53.21129841421551
521,2017-09-21T23:04:03Z,NL:Q:10009024,Hoofdstation,G0014,available,N,false,false,true,POINT (6.566807070422678 53.21128751124112),6.566807070422678,53.211287511241125
522,2017-09-21T23:04:03Z,NL:Q:10009017,Hoofdstation,G0014,available,N,false,true,true,POINT (6.567217024184874 53.21149915371548),6.567217024184874,53.21149915371548
523,2017-09-21T23:04:04Z,NL:Q:10009032,Hoofdstation,G0014,available,N,false,false,true,POINT (6.567645630051268 53.21129723629245),6.567645630051268,53.211297236292445
524,2017-09-21T23:04:02Z,NL:Q:10009000,Hoofdstation,G0014,available,Y,false,false,true,POINT (6.565894663195754 53.21131445151767),6.5658946631957535,53.21131445151767
525,2017-09-21T23:04:04Z,NL:Q:10009025,Hoofdstation,G0014,available,N,false,false,true,POINT (6.566926794596331 53.21128633403532),6.566926794596331,53.21128633403532
526,2017-09-21T23:04:03Z,NL:Q:10009018,Hoofdstation,G0014,available,N,false,true,true,POINT (6.567547493546778 53.21154083498146),6.567547493546778,53.211540834981456
527,2017-09-21T23:04:04Z,NL:Q:10009033,Hoofdstation,G0014,available,N,true,false,true,POINT (6.56776535422236 53.21129605825001),6.56776535422236,53.21129605825001
528,2017-09-21T23:04:02Z,NL:Q:10009001,Hoofdstation,G0014,available,Y,true,false,false,POINT (6.566014387476041 53.21131327522187),6.566014387476041,53.21131327522187
529,2017-09-21T23:04:04Z,NL:Q:10009026,Hoofdstation,G0014,available,N,false,false,true,POINT (6.567046518762518 53.21128515671003),6.567046518762518,53.211285156710034
530,2017-09-21T23:04:17Z,NL:Q:10125850,P+R Hoogkerk,G0014,available,Y,false,true,true,POINT (6.513760443237151 53.1976977504173),6.5137604432371505,53.1976977504173
531,2017-09-21T23:04:17Z,NL:Q:10125860,P+R Hoogkerk,G0014,available,Y,false,true,true,POINT (6.513806730418747 53.19775123393568),6.5138067304187475,53.197751233935676
532,2017-09-21T23:04:17Z,NL:Q:10125870,P+R Hoogkerk,G0014,available,Y,false,true,true,POINT (6.513333113161302 53.19737825362163),6.513333113161302,53.19737825362163
533,2017-09-21T23:04:17Z,NL:Q:10125880,P+R Hoogkerk,G0014,available,Y,false,true,true,POINT (6.513406514338721 53.19732364620032),6.513406514338721,53.19732364620032
534,2017-09-21T23:04:17Z,NL:Q:10125830,P+R Hoogkerk,G0014,available,Y,false,true,true,POINT (6.513056104562519 53.1976594316947),6.513056104562519,53.197659431694696
535,2017-09-21T23:04:17Z,NL:Q:10125840,P+R Hoogkerk,G0014,available,Y,true,true,true,POINT (6.513714156170368 53.19764426687983),6.513714156170368,53.19764426687983
536,2015-07-06T17:10:04Z,NL:Q:10005655,Meeuwerderbaan,G0014,available,U,,,,POINT (6.580688424540262 53.20874185944249),6.580688424540262,53.20874185944249
537,2015-07-06T17:10:04Z,NL:Q:10005665,Meeuwerderbaan,G0014,available,U,,,,POINT (6.58077722004237 53.20870503028602),6.58077722004237,53.20870503028602
538,2015-07-06T17:10:05Z,NL:Q:11315510,Westpoortboulevard,G0014,available,N,,,,POINT (6.471766061110032 53.20889533600561),6.471766061110032,53.20889533600561
539,2015-07-06T17:10:05Z,NL:Q:11315520,Westpoortboulevard,G0014,available,N,,,,POINT (6.471973093095428 53.20879461503206),6.4719730930954285,53.20879461503206
540,2017-09-20T01:44:34Z,NL:Q:10005540,Nieuwe Kerkhof,G0014,available,N,false,false,false,POINT (6.560605413888235 53.22326427390426),6.5606054138882355,53.223264273904256
541,2017-09-20T01:38:28Z,NL:Q:10001380,Korreweg,G0014,available,Y,false,true,true,POINT (6.570444185479733 53.2315070137272),6.570444185479733,53.231507013727196
542,2017-09-20T01:38:28Z,NL:Q:10001530,Korreweg,G0014,available,Y,false,false,true,POINT (6.571181979285364 53.23110433762557),6.571181979285364,53.23110433762557
