,horecatype,naam,objecttype,geometry,x,y
0,fast_food,Burger King,node,POINT (6.5635088 53.2108691),6.5635088,53.2108691
1,cafe,Mr. Mofongo,node,POINT (6.5640251 53.2193577),6.5640251,53.2193577
2,fast_food,Kentucky Fried Chicken,node,POINT (6.5849807 53.21665639999999),6.5849807,53.21665639999999
3,restaurant,Wok Euroborg,node,POINT (6.5923471 53.20698629999998),6.5923471,53.20698629999998
4,fast_food,Cafetaria Gruno,node,POINT (6.544655800000001 53.2156333),6.544655800000001,53.2156333
5,fast_food,Makahan Indonesia,node,POINT (6.5449286 53.2156991),6.5449286,53.2156991
6,restaurant,Papipa,node,POINT (6.5089011 53.20661189999999),6.5089011,53.20661189999999
7,restaurant,Ou Hai,node,POINT (6.555328899999999 53.21220450000001),6.555328899999999,53.212204500000006
8,restaurant,La Trattoria,node,POINT (6.5557607 53.2122527),6.5557607,53.2122527
9,cafe,Westerhof,node,POINT (6.5977883 53.2260089),6.5977883,53.2260089
10,restaurant,Zondag Noorderplantsoen,node,POINT (6.5556094 53.22453419999999),6.5556094,53.224534199999994
11,restaurant,De zevende hemel,node,POINT (6.5629641 53.22334570000001),6.5629641,53.22334570000001
12,pub,De drie uiltjes,node,POINT (6.5664794 53.2205586),6.5664794,53.2205586
13,fast_food,Quick'n tasty,node,POINT (6.5677643 53.20784889999999),6.5677643,53.207848899999995
14,restaurant,Restaurant de Ringweg,node,POINT (6.595508000000001 53.21186469999999),6.595508000000001,53.21186469999999
15,fast_food,De Broodzaak,node,POINT (6.5647602 53.2107517),6.5647602,53.2107517
16,fast_food,Julia's,node,POINT (6.565092599999999 53.21092449999999),6.565092599999999,53.21092449999999
17,fast_food,Eetcounter Selwerd,node,POINT (6.5503414 53.23551710000001),6.5503414,53.23551710000001
18,restaurant,Grand Café,node,POINT (6.576706299999999 53.220942),6.576706299999999,53.220942
19,restaurant,De Kornuiten,node,POINT (6.5557796 53.2121179),6.5557796,53.212117899999996
20,fast_food,Ons Moeke,node,POINT (6.5559434 53.211907),6.5559434,53.211907
21,fast_food,Welkom,node,POINT (6.502517 53.21302469999998),6.502517,53.213024699999984
22,pub,Harry's cafe,node,POINT (6.6483466 53.2075747),6.6483466,53.2075747
23,cafe,Retro Coffeeshop,node,POINT (6.5643434 53.22388999999999),6.5643434,53.22388999999999
24,fast_food,Hoek,node,POINT (6.568830700000001 53.21827040000001),6.568830700000001,53.21827040000001
25,bar,'t Pakhuis,node,POINT (6.5711642 53.21793419999999),6.5711642,53.217934199999995
26,fast_food,Hasret,node,POINT (6.557734100000001 53.21657989999999),6.557734100000001,53.216579899999985
27,cafe,Café De Beurs,node,POINT (6.5638943 53.21662589999999),6.5638943,53.21662589999999
28,nightclub,Club Kiwi,node,POINT (6.5708303 53.21766540000001),6.5708303,53.21766540000001
29,fast_food,Cafetaria The Corner,node,POINT (6.5764755 53.22882010000001),6.5764755,53.22882010000001
30,fast_food,De Viersprong,node,POINT (6.548009000000001 53.220948),6.548009000000001,53.220948
31,fast_food,De Sportvriend,node,POINT (6.5001854 53.21607289999999),6.5001854,53.21607289999999
32,restaurant,Smulhuis Zuiderweg,node,POINT (6.5010408 53.21556089999999),6.5010408,53.21556089999999
33,restaurant,Chinees Indisch Restaurant Kota Radja,node,POINT (6.5027568 53.21492419999999),6.5027568,53.21492419999999
34,restaurant,Eetcafe de Stadstuin,node,POINT (6.572410200000001 53.2091441),6.572410200000001,53.209144099999996
35,cafe,Starbucks,node,POINT (6.5647184 53.2109188),6.5647184,53.2109188
36,bar,De Negende Cirkel,node,POINT (6.570650400000001 53.21820719999999),6.570650400000001,53.218207199999995
37,bar,Huize Maas,node,POINT (6.564589600000001 53.21682199999999),6.564589600000001,53.21682199999999
38,bar,Shooters,node,POINT (6.570702300000001 53.21811),6.570702300000001,53.21811
39,bar,Sunny Beach,node,POINT (6.571069999999999 53.2172526),6.571069999999999,53.2172526
40,fast_food,Max,node,POINT (6.5707443 53.21805789999999),6.5707443,53.21805789999999
41,cafe,Brasserie,node,POINT (6.570633100000001 53.2184401),6.570633100000001,53.2184401
42,pub,24/7,node,POINT (6.5636775 53.21659459999999),6.5636775,53.21659459999999
43,pub,De Drie Gezusters,node,POINT (6.568237000000001 53.21817550000001),6.568237000000001,53.21817550000001
44,cafe,Stadtlander,node,POINT (6.571131300000001 53.21829019999999),6.571131300000001,53.21829019999999
45,pub,Streetlife,node,POINT (6.5714364 53.2177081),6.5714364,53.2177081
46,restaurant,Eetcafé De Eerste Kamer,node,POINT (6.5706027 53.218014),6.5706027,53.218014
47,bar,Warhol,node,POINT (6.5702904 53.2174683),6.5702904,53.2174683
48,bar,Het Feest,node,POINT (6.570547700000001 53.21808759999999),6.5705477000000005,53.21808759999999
49,restaurant,Kaap Noord,node,POINT (6.5570858 53.21986849999999),6.5570858,53.21986849999999
50,pub,The Dogs Bollocks,node,POINT (6.5646362 53.2193748),6.5646362,53.2193748
51,restaurant,Italia,node,POINT (6.5676691 53.21566289999999),6.5676691,53.21566289999999
52,fast_food,De Kaptein,node,POINT (6.5707357 53.22752970000001),6.5707357,53.227529700000005
53,restaurant,Napoli,node,POINT (6.5585019 53.2166875),6.5585019,53.2166875
54,restaurant,De Kleine Moghul,node,POINT (6.5591654 53.22405239999999),6.5591654,53.22405239999999
55,restaurant,Louis XV,node,POINT (6.5617386 53.2197875),6.5617386,53.219787499999995
56,restaurant,Bellamis Bar à Manger,node,POINT (6.5621673 53.2182507),6.5621673,53.2182507
57,bar,Karakter,node,POINT (6.567442999999999 53.2156139),6.567442999999999,53.2156139
58,pub,Zwijnstein,node,POINT (6.5673867 53.2157768),6.5673867,53.2157768
59,pub,Noorderbar,node,POINT (6.5741794 53.23014249999999),6.5741794,53.23014249999999
60,fast_food,Visspecialist Pasél,node,POINT (6.5445597 53.23076689999999),6.5445597,53.23076689999999
61,fast_food,het Vinkennest,node,POINT (6.5291627 53.22560529999999),6.5291627,53.22560529999999
62,pub,Vinkenbar,node,POINT (6.5294007 53.2256563),6.5294007,53.2256563
63,restaurant,Fiorin,node,POINT (6.5671967 53.21800509999999),6.5671967,53.21800509999999
64,pub,Der Witz,node,POINT (6.567141800000001 53.21798549999999),6.567141800000001,53.21798549999999
65,restaurant,Fujiyama,node,POINT (6.5672067 53.2192304),6.5672067,53.2192304
66,nightclub,Kokomo,node,POINT (6.567850299999999 53.2180023),6.567850299999999,53.2180023
67,pub,De Kosterij,node,POINT (6.568343300000001 53.21927170000001),6.568343300000001,53.21927170000001
68,restaurant,Fortuna,node,POINT (6.5584556 53.22374159999999),6.5584556,53.22374159999999
69,cafe,Coffee United,node,POINT (6.5666874 53.2177448),6.5666874,53.2177448
70,restaurant,De Gans,node,POINT (6.5740649 53.2302303),6.5740649,53.2302303
71,pub,café Smits,node,POINT (6.623562899999999 53.2375973),6.623562899999999,53.2375973
72,fast_food,Subway,node,POINT (6.5836323 53.21679539999999),6.5836323,53.21679539999999
73,restaurant,Ni Hao Wok,node,POINT (6.5715831 53.2167481),6.5715831,53.2167481
74,restaurant,Schimmelpenninck,node,POINT (6.5696573 53.21669350000001),6.5696573,53.216693500000005
75,restaurant,Four Roses,node,POINT (6.5707892 53.21608319999999),6.5707892,53.21608319999999
76,bar,Branderij,node,POINT (6.5723595 53.21838889999999),6.5723595,53.218388899999994
77,fast_food,Max,node,POINT (6.569538000000001 53.21826000000001),6.5695380000000005,53.21826000000001
78,pub,De Kachel,node,POINT (6.5722975 53.2198831),6.5722975,53.2198831
79,fast_food,De Korre,node,POINT (6.5693225 53.2306999),6.5693225,53.230699900000005
80,restaurant,Stadsbar Mauritshuis,node,POINT (6.559034100000001 53.2166808),6.559034100000001,53.2166808
81,fast_food,HEMA Food,node,POINT (6.544205499999999 53.23069639999999),6.5442054999999995,53.23069639999999
82,restaurant,Bij Ons,node,POINT (6.5428429 53.23054230000001),6.5428429,53.23054230000001
83,fast_food,Kebab Centre,node,POINT (6.5426659 53.2299932),6.5426659,53.2299932
84,restaurant,Burger Palace,node,POINT (6.542628299999999 53.23006059999999),6.542628299999999,53.230060599999995
85,fast_food,Eetcounter de Kroon,node,POINT (6.5426927 53.2299225),6.5426927,53.2299225
86,pub,De Galerij,node,POINT (6.542478100000001 53.2303368),6.542478100000001,53.230336799999996
87,cafe,van Esch,node,POINT (6.5434544 53.23048129999999),6.5434544,53.23048129999999
88,restaurant,Cafetaria Doornbos,node,POINT (6.559018200000001 53.203343),6.559018200000001,53.203343
89,restaurant,Il Lago,node,POINT (6.5549711 53.18766),6.5549711,53.18766
90,fast_food,Cafetaria de Steiger,node,POINT (6.554987 53.1875602),6.554987,53.1875602
91,pub,Cafe Biljart Hoornsemeer,node,POINT (6.555082 53.18754859999999),6.555082,53.18754859999999
92,restaurant,Brasserie Zernike,node,POINT (6.533772 53.24359169999999),6.533772,53.24359169999999
93,restaurant,Bamboe Garden,node,POINT (6.5283043 53.2249303),6.5283043,53.2249303
94,fast_food,de Zeeheld,node,POINT (6.555393 53.21256249999999),6.555393,53.21256249999999
95,fast_food,vishandel M. Pronk,node,POINT (6.5559655 53.21844939999999),6.5559655,53.21844939999999
96,fast_food,Smulcorner,node,POINT (6.6159831 53.2357),6.6159831,53.2357
97,restaurant,Weeva,node,POINT (6.5707376 53.21560010000001),6.5707376,53.21560010000001
98,restaurant,Ni Hao,node,POINT (6.5438693 53.2008891),6.5438693,53.2008891
99,fast_food,Friet en zo,node,POINT (6.5141028 53.1999574),6.5141028,53.1999574
100,pub,MOOI,node,POINT (6.5599203 53.22773339999999),6.5599203,53.22773339999999
101,bar,Cafe het Kasteel,node,POINT (6.5709454 53.21750239999999),6.5709454,53.217502399999994
102,cafe,Het Concerthuis,node,POINT (6.5705218 53.21842780000001),6.5705218,53.21842780000001
103,restaurant,Costa Smeralda,node,POINT (6.5694178 53.2184224),6.5694178,53.2184224
104,fast_food,Cafetaria Friet van Piet,node,POINT (6.5794116 53.21083769999999),6.5794116,53.21083769999999
105,restaurant,Eetcafe Michel,node,POINT (6.5785316 53.21367369999999),6.5785316,53.213673699999994
106,fast_food,McDonald's,node,POINT (6.5680265 53.2164383),6.5680265,53.2164383
107,pub,Mulder,node,POINT (6.562079400000001 53.21811850000001),6.562079400000001,53.21811850000001
108,pub,de Keyzer,node,POINT (6.561808 53.21818439999999),6.561808,53.21818439999999
109,pub,de Pintelier,node,POINT (6.561727499999999 53.2185239),6.561727499999999,53.2185239
110,pub,de Wolthoorn,node,POINT (6.561717000000001 53.21817469999999),6.561717000000001,53.21817469999999
111,fast_food,McDonald's,node,POINT (6.5573893 53.2160726),6.5573893,53.216072600000004
112,restaurant,'t Feithhuis,node,POINT (6.5692807 53.2191895),6.5692807,53.2191895
113,bar,Ome Ko,node,POINT (6.5708474 53.21823269999999),6.5708474,53.218232699999994
114,fast_food,,node,POINT (6.5709532 53.2177993),6.5709532,53.217799299999996
115,fast_food,De Vlaming,node,POINT (6.5693187 53.2184164),6.5693187,53.2184164
116,fast_food,Dönerix,node,POINT (6.5689166 53.21825130000001),6.5689166,53.218251300000006
117,restaurant,Eetcafe 't Koetshuys,node,POINT (6.5557007 53.21636680000001),6.5557007,53.21636680000001
118,restaurant,Bacchus Bistro,node,POINT (6.5769629 53.2148318),6.5769629,53.2148318
119,restaurant,Restaurant Taj Mahal,node,POINT (6.577149400000001 53.2148108),6.577149400000001,53.2148108
120,pub,Proeflokaal aan de Amstel,node,POINT (6.576477 53.2148767),6.576477,53.214876700000005
121,bar,Pand 48,node,POINT (6.573061399999999 53.21871149999999),6.573061399999999,53.21871149999999
122,restaurant,De Smederij,node,POINT (6.5730029 53.21890259999999),6.5730029,53.21890259999999
123,restaurant,Eetcafé Het Zwarte Schaap,node,POINT (6.573173 53.2185844),6.573173,53.2185844
124,restaurant,Eetcafé Schuitendiep,node,POINT (6.573631899999999 53.2179787),6.573631899999999,53.217978699999996
125,bar,Kult,node,POINT (6.5728177 53.21664779999999),6.5728177,53.21664779999999
126,restaurant,Boccaccio,node,POINT (6.572925100000001 53.21667969999999),6.572925100000001,53.21667969999999
127,restaurant,Hemingway,node,POINT (6.572551600000001 53.2169889),6.572551600000001,53.2169889
128,pub,O'ceallaigh,node,POINT (6.5720844 53.2166312),6.5720844,53.2166312
129,fast_food,Eetcounter Lohman,node,POINT (6.5892683 53.19700450000001),6.5892683,53.197004500000006
130,pub,Café De Minnaar van de Rozenstraat,node,POINT (6.5593928 53.22283109999999),6.5593928,53.22283109999999
131,pub,De Toeter,node,POINT (6.5655066 53.2224462),6.5655066,53.2224462
132,restaurant,Kohinoor van India,node,POINT (6.574288499999999 53.22117680000001),6.574288499999999,53.22117680000001
133,cafe,Coffee Company,node,POINT (6.566600999999999 53.2203351),6.5666009999999995,53.2203351
134,fast_food,Smullers,node,POINT (6.5669285 53.21115019999999),6.5669285,53.21115019999999
135,restaurant,Spices,node,POINT (6.5570904 53.21723909999999),6.5570904,53.21723909999999
136,restaurant,Eetcafé de Buurvrouw,node,POINT (6.5718374 53.2224112),6.5718374,53.2224112
137,restaurant,Restaurant Corfu,node,POINT (6.5786202 53.1996541),6.5786202,53.1996541
138,restaurant,Pizzeria Contini,node,POINT (6.5791861 53.19974249999999),6.5791861,53.19974249999999
139,restaurant,Domino's,node,POINT (6.559244799999999 53.2031082),6.559244799999999,53.2031082
140,restaurant,Tebrugge Lunch & Catering,node,POINT (6.5564917 53.21619179999999),6.5564917,53.21619179999999
141,restaurant,De Grote Frederik,node,POINT (6.5811314 53.21079830000001),6.5811314,53.21079830000001
142,restaurant,Cafetaria Kerklaan,node,POINT (6.5533983 53.22392800000001),6.5533983000000005,53.22392800000001
143,pub,Cafe Tante Truus,node,POINT (6.5555003 53.2163255),6.5555003,53.2163255
144,pub,Cafe de Walrus,node,POINT (6.566460900000001 53.21649019999999),6.566460900000001,53.21649019999999
145,pub,Cafe de Koffer,node,POINT (6.555382399999999 53.216301),6.555382399999999,53.216301
146,cafe,Coffee Break,node,POINT (6.5693042 53.21512599999999),6.5693042,53.21512599999999
147,restaurant,WAAR,node,POINT (6.590287500000001 53.20390079999999),6.5902875000000005,53.20390079999999
148,restaurant,Restaurant Voila,node,POINT (6.5700841 53.2232421),6.5700841,53.2232421
149,restaurant,Eetcafé de Padang,node,POINT (6.563399200000001 53.22846089999999),6.563399200000001,53.228460899999995
150,fast_food,Cafetaria Oosterpark,node,POINT (6.5801537 53.22492499999998),6.5801537,53.224924999999985
151,pub,Gorechtbar,node,POINT (6.5818294 53.22288),6.5818294,53.22288
152,fast_food,Subway,node,POINT (6.5427925 53.22969879999999),6.5427925,53.229698799999994
153,cafe,Café Bolhuis,node,POINT (6.556184299999999 53.2128184),6.556184299999999,53.2128184
154,restaurant,Eetcafé De Groene Weyde,node,POINT (6.560654999999999 53.2274602),6.560654999999999,53.2274602
155,restaurant,Beer&,node,POINT (6.5616777 53.22714669999999),6.5616777,53.22714669999999
156,cafe,Brasserie het Paleis,node,POINT (6.562236099999999 53.22590649999999),6.562236099999999,53.22590649999999
157,restaurant,De tulp,node,POINT (6.5539533 53.2332033),6.5539533,53.2332033
158,pub,De Eik,node,POINT (6.553817 53.23319250000001),6.553817,53.23319250000001
159,cafe,Harbour Café,node,POINT (6.575147 53.2165393),6.575147,53.2165393
160,fast_food,Cafetaria Plaza,node,POINT (6.5535884 53.2331608),6.5535884,53.2331608
161,restaurant,Bistro 't Gerecht,node,POINT (6.563917 53.22008589999999),6.563917,53.220085899999994
162,restaurant,Satehuis,node,POINT (6.568812 53.21418400000001),6.568812,53.21418400000001
163,fast_food,Cafetaria A-Weg,node,POINT (6.5540242 53.21556519999999),6.5540242,53.21556519999999
164,restaurant,La Regina,node,POINT (6.5584727 53.20658360000001),6.5584727,53.20658360000001
165,restaurant,New Sin Guang,node,POINT (6.5973253 53.22625349999999),6.5973253,53.22625349999999
166,bar,EMG FAKTORS - Bitcoin Café Groningen,node,POINT (6.5893905 53.22027679999999),6.5893905,53.22027679999999
167,cafe,Kroeg van Klaas,node,POINT (6.575164 53.21214319999999),6.575164,53.21214319999999
168,cafe,Singelier,node,POINT (6.5829983 53.199559),6.5829983,53.199559
169,restaurant,De Ideale Buurman,node,POINT (6.5233751 53.23566329999999),6.5233751,53.23566329999999
170,cafe,Waterloobar,node,POINT (6.5778125 53.2070117),6.5778125,53.207011699999995
171,restaurant,Taste and Flavor,node,POINT (6.523904900000001 53.23557619999999),6.523904900000001,53.23557619999999
172,restaurant,Tian Tian Le,node,POINT (6.495378799999999 53.24218990000001),6.495378799999999,53.24218990000001
173,restaurant,Wereldrestaurant Wereld Geluk,node,POINT (6.540274 53.21390839999999),6.540274,53.213908399999994
174,cafe,Kiosk Stadspark,node,POINT (6.5467602 53.2061083),6.5467602,53.2061083
175,restaurant,Eetcounter De Weyert,node,POINT (6.5675824 53.198427),6.5675824,53.198427
176,restaurant,Happy Garden,node,POINT (6.579737200000001 53.1981822),6.579737200000001,53.1981822
177,fast_food,Restaria Zuid,node,POINT (6.5797986 53.19811259999999),6.5797986,53.19811259999999
178,fast_food,New York pizza,node,POINT (6.5800068 53.1978198),6.5800068,53.1978198
179,fast_food,Subway,node,POINT (6.580062900000001 53.19764799999999),6.580062900000001,53.197647999999994
180,restaurant,De Coendersborg,node,POINT (6.5887112 53.1952532),6.5887112,53.195253199999996
181,restaurant,Alice Restaurant,node,POINT (6.579811699999999 53.19878849999999),6.579811699999999,53.19878849999999
182,restaurant,Minos Palace,node,POINT (6.580019400000001 53.198421),6.580019400000001,53.198421
183,restaurant,Hong Kong Garden,node,POINT (6.6003277 53.2490524),6.6003277,53.2490524
184,fast_food,Pizzeria Mario,node,POINT (6.6004732 53.2490629),6.6004732,53.2490629
185,fast_food,De Wortel van Vier,node,POINT (6.5876239 53.24701919999998),6.5876239,53.24701919999998
186,pub,Cafe Biljart Beijum,node,POINT (6.6010277 53.2484957),6.6010277,53.2484957
187,fast_food,Sun Wing,node,POINT (6.601818600000001 53.24904239999999),6.6018186000000005,53.24904239999999
188,fast_food,Döner Express,node,POINT (6.601803 53.2491361),6.601803,53.2491361
189,fast_food,Cafetaria Luigi,node,POINT (6.600577200000001 53.24907079999999),6.600577200000001,53.24907079999999
190,fast_food,Sanaa,node,POINT (6.5394293 53.2338567),6.5394293,53.2338567
191,ice_cream,IJssalon Bij de Sluis,node,POINT (6.5582634 53.21285780000001),6.5582634,53.21285780000001
192,restaurant,Eetcafé Van de Markt,node,POINT (6.5555026 53.21313779999999),6.5555026,53.21313779999999
193,fast_food,Cafetaria de Wachtkamer,node,POINT (6.562313 53.2077241),6.562313,53.2077241
194,fast_food,Smullers,node,POINT (6.563793300000001 53.21087039999999),6.563793300000001,53.21087039999999
195,pub,Cafe Merleyn,node,POINT (6.5792446 53.21062799999999),6.5792446,53.21062799999999
196,restaurant,Kroewa Thai,node,POINT (6.548183500000001 53.2203804),6.548183500000001,53.220380399999996
197,restaurant,Eetcafé de Stadstuin Noorderplantsoen,node,POINT (6.5508345 53.22190620000001),6.5508345,53.22190620000001
198,fast_food,De Goudenregen,node,POINT (6.5846266 53.22572509999998),6.5846266,53.225725099999984
199,restaurant,Kwajongens,node,POINT (6.573333 53.2183693),6.573333,53.2183693
200,restaurant,Happy Corner,node,POINT (6.574589999999999 53.2209295),6.574589999999999,53.2209295
201,restaurant,La Mezza,node,POINT (6.573415 53.21836089999999),6.573415,53.218360899999986
202,restaurant,De Tweede Kamer,node,POINT (6.5746634 53.2170025),6.5746634,53.2170025
203,bar,F.F.J. Bernlef,node,POINT (6.573580200000001 53.21911219999999),6.573580200000001,53.21911219999999
204,restaurant,De Biechtstoel,node,POINT (6.5754679 53.2175587),6.5754679,53.2175587
205,pub,Crowbar,node,POINT (6.5754796 53.2181702),6.5754796,53.2181702
206,restaurant,De Kleine Heerlijkheid,node,POINT (6.5728805 53.2188891),6.5728805,53.2188891
207,restaurant,Dinercafe Diep,node,POINT (6.5729986 53.2187934),6.5729986,53.2187934
208,restaurant,Flinders Café,node,POINT (6.5732752 53.2184956),6.5732752,53.218495600000004
209,cafe,Soof,node,POINT (6.5690248 53.22238089999999),6.5690248,53.22238089999999
210,fast_food,Pizzeria La Villa,node,POINT (6.5603201 53.2280573),6.5603201,53.228057299999996
211,cafe,Carré,node,POINT (6.5613764 53.2290578),6.5613764,53.2290578
212,fast_food,Broodje Ben,node,POINT (6.564488100000001 53.22814939999999),6.564488100000001,53.22814939999999
213,nightclub,Poppodium Simplon,node,POINT (6.5640622 53.22455360000001),6.5640621999999995,53.22455360000001
214,bar,Amicitia,node,POINT (6.5600591 53.2283099),6.5600591,53.2283099
215,fast_food,Plat,node,POINT (6.5586176 53.21655969999999),6.5586176,53.21655969999999
216,restaurant,Fresh Today,node,POINT (6.5576468 53.21552920000001),6.5576468,53.215529200000006
217,restaurant,China Express,node,POINT (6.547503 53.21652519999999),6.547503,53.21652519999999
218,fast_food,Ozan döner kebap & pizza,node,POINT (6.5580981 53.2164065),6.5580981,53.2164065
219,pub,De Rits,node,POINT (6.559064 53.2164452),6.559064,53.216445199999995
220,fast_food,Cafetaria Het Vosje,node,POINT (6.552318600000001 53.217496),6.552318600000001,53.217496000000004
221,cafe,Het Paleis,node,POINT (6.5477831 53.2163455),6.5477831,53.2163455
222,cafe,Kaldi,node,POINT (6.5571361 53.2151849),6.5571361,53.2151849
223,fast_food,Puutje patat,node,POINT (6.565024 53.2220883),6.565024,53.222088299999996
224,restaurant,Chinees-Indisch Restaurant Lee Garden,node,POINT (6.5632467 53.2237581),6.5632467,53.223758100000005
225,fast_food,Smile sushi,node,POINT (6.5628835 53.2240813),6.5628835,53.2240813
226,fast_food,Gildehuus Nice Food House,node,POINT (6.5625358 53.22442609999999),6.5625358,53.22442609999999
227,restaurant,Asia Today,node,POINT (6.5623134 53.22466079999999),6.5623134,53.22466079999999
228,restaurant,Aohna,node,POINT (6.5621904 53.22476870000001),6.5621903999999995,53.224768700000006
229,fast_food,El Torro,node,POINT (6.5619509 53.2253114),6.5619509,53.225311399999995
230,fast_food,Hasret,node,POINT (6.5715327 53.2159824),6.5715327,53.2159824
231,bar,Donovan's,node,POINT (6.570897700000001 53.2178689),6.570897700000001,53.2178689
232,casino,Jack's Casino,node,POINT (6.569815 53.2182532),6.569815,53.2182532
233,ice_cream,Toscana ijssalon,node,POINT (6.572085600000001 53.216211),6.572085600000001,53.216211
234,bar,Golden Fust,node,POINT (6.569927399999999 53.21824269999999),6.569927399999999,53.21824269999999
235,restaurant,Diyar Mangal,node,POINT (6.5722738 53.21627579999999),6.5722738,53.21627579999999
236,bar,Cue Action,node,POINT (6.572008100000001 53.21894069999999),6.572008100000001,53.21894069999999
237,bar,Café St.Tropez,node,POINT (6.5720707 53.21636039999999),6.5720707,53.216360399999985
238,fast_food,Antalya,node,POINT (6.5709065 53.2175457),6.5709065,53.2175457
239,restaurant,Bienvenue,node,POINT (6.5709746 53.21743609999999),6.5709746,53.21743609999999
240,restaurant,Traiterie en Ouzerie De Olijfboom,node,POINT (6.572286200000001 53.21644359999999),6.572286200000001,53.21644359999999
241,restaurant,Gustatio,node,POINT (6.5689612 53.21819409999999),6.5689612,53.21819409999999
242,bar,Shishalounge Anubis,node,POINT (6.571688299999999 53.21603929999999),6.571688299999999,53.21603929999999
243,cafe,Smooth Brothers,node,POINT (6.5637512 53.2182914),6.5637512000000005,53.2182914
244,cafe,Time-Out,node,POINT (6.5707428 53.2184535),6.5707428,53.2184535
245,restaurant,Himalaya,node,POINT (6.5731555 53.21657289999999),6.5731555,53.21657289999999
246,restaurant,Mechoui,node,POINT (6.564922 53.21555359999999),6.564922,53.21555359999999
247,cafe,De Beautyfabriek,node,POINT (6.564589 53.21833950000001),6.564589,53.218339500000006
248,restaurant,5 Smaken,node,POINT (6.5716514 53.2183554),6.5716514,53.2183554
249,bar,Ocean 41,node,POINT (6.567725900000001 53.2181764),6.567725900000001,53.218176400000004
250,restaurant,Humpfrey's,node,POINT (6.5648858 53.21692469999999),6.5648858,53.21692469999999
251,cafe,Minute Bar,node,POINT (6.573315900000001 53.21678600000001),6.573315900000001,53.216786000000006
252,cafe,Strawberry,node,POINT (6.5657085 53.21363400000001),6.5657085,53.213634000000006
253,pub,De Tevreden Rookster,node,POINT (6.5666487 53.21426339999999),6.5666487,53.21426339999999
254,cafe,News Cafe,node,POINT (6.566631 53.21818410000001),6.566631,53.21818410000001
255,cafe,Kattencafé OP Z'N KOP,node,POINT (6.566238999999999 53.2208048),6.5662389999999995,53.220804799999996
256,cafe,,node,POINT (6.5662139 53.2208431),6.5662139,53.220843099999996
257,cafe,Doppio Espresso,node,POINT (6.561139699999999 53.2164617),6.561139699999999,53.2164617
258,restaurant,I Love Sushi,node,POINT (6.5711437 53.2157875),6.5711437,53.2157875
259,bar,Bar Pacific,node,POINT (6.5705751 53.2162944),6.5705751,53.216294399999995
260,bar,Irish Pub O'Malleys,node,POINT (6.5705897 53.2162241),6.5705897,53.2162241
261,fast_food,Ozan,node,POINT (6.565629499999999 53.22129559999999),6.565629499999999,53.22129559999999
262,restaurant,Grand café De Bastille,node,POINT (6.576455900000001 53.2177237),6.576455900000001,53.2177237
263,cafe,Opera,node,POINT (6.5700309 53.21826839999999),6.5700309,53.218268399999985
264,restaurant,Pannekoekenschip,node,POINT (6.5731837 53.2177815),6.5731836999999995,53.2177815
265,nightclub,&zo,node,POINT (6.572307600000001 53.21839249999999),6.572307600000001,53.21839249999999
266,restaurant,Javaans Eetcafe,node,POINT (6.572808200000001 53.2178766),6.572808200000001,53.2178766
267,restaurant,Cervantes,node,POINT (6.5724542 53.21688749999999),6.5724542,53.21688749999999
268,cafe,Theeschenkerij,node,POINT (6.568397200000001 53.22170029999999),6.568397200000001,53.221700299999995
269,restaurant,Benz,node,POINT (6.570785000000001 53.2177284),6.570785000000001,53.2177284
270,bar,Snowvalley,node,POINT (6.570988100000001 53.2174173),6.570988100000001,53.2174173
271,restaurant,DOT,node,POINT (6.567636599999999 53.2250799),6.567636599999999,53.2250799
272,cafe,Sociëteit Corps van Leerlingen,node,POINT (6.533776100000001 53.2411288),6.533776100000001,53.2411288
273,pub,De Molleboon,node,POINT (6.5614481 53.22603409999999),6.5614481,53.22603409999999
274,pub,Café de Hoop,node,POINT (6.5692979 53.215487),6.5692979,53.215486999999996
275,fast_food,Lekkel lekkel,node,POINT (6.5694167 53.21552899999998),6.5694167,53.21552899999998
276,restaurant,Thai Jasmine Authentiek Thais Restaurant,node,POINT (6.5696154 53.2156031),6.5696154,53.215603099999996
277,restaurant,De Oude Gasfabriek,node,POINT (6.565676900000001 53.2242547),6.565676900000001,53.224254699999996
278,fast_food,Cafetaria De Overwinning,node,POINT (6.5601001 53.1984759),6.5601001,53.1984759
279,fast_food,Double FF,node,POINT (6.558142600000001 53.1978299),6.558142600000001,53.197829899999995
280,restaurant,La Cubanita,node,POINT (6.5625638 53.21485469999999),6.5625638,53.21485469999999
281,restaurant,Eethuys Stadspark,node,POINT (6.5361434 53.20130639999999),6.5361434,53.20130639999999
282,fast_food,Domino's Pizza,node,POINT (6.5873732 53.24641690000001),6.5873732,53.24641690000001
283,pub,Café-Bar Het hof van Beijum,node,POINT (6.5879231 53.24597129999999),6.5879231,53.245971299999994
284,fast_food,Cafetaria Het hof van Beijum,node,POINT (6.5881232 53.24591099999999),6.5881232,53.24591099999999
285,fast_food,Cafetaria Grote Beer,node,POINT (6.544882100000001 53.22527539999999),6.544882100000001,53.225275399999994
286,fast_food,LA Cafetaria,node,POINT (6.5394576 53.233804),6.5394576,53.233804
287,fast_food,Euro Cafetaria,node,POINT (6.6019723 53.24797089999999),6.6019723,53.24797089999999
288,restaurant,Kapteynborg Kantine,node,POINT (6.534209500000001 53.2404394),6.534209500000001,53.2404394
289,cafe,Micaffé,node,POINT (6.5344938 53.2395148),6.5344938,53.2395148
290,restaurant,Smitsborg Kantine,node,POINT (6.5359536 53.2383017),6.5359536,53.2383017
291,restaurant,Bernoulliborg,node,POINT (6.5365993 53.2402211),6.5365993,53.2402211
292,restaurant,Linneausborg Take Away,node,POINT (6.5389865 53.24114409999999),6.5389865,53.24114409999999
293,restaurant,Nijenborg 4,node,POINT (6.5384152 53.23860309999999),6.5384152,53.23860309999999
294,cafe,Sportsbar,node,POINT (6.5310096 53.23672970000001),6.5310096,53.236729700000005
295,restaurant,KVI CART Take Away,node,POINT (6.5259349 53.25013609999998),6.5259349,53.250136099999985
296,fast_food,Onze Toko,node,POINT (6.5838429 53.23675459999999),6.5838429000000005,53.23675459999999
297,cafe,Bommen Berend,node,POINT (6.5669655 53.2197916),6.5669655,53.2197916
298,fast_food,Burger King,node,POINT (6.5656512 53.21849629999998),6.5656512,53.218496299999984
299,restaurant,Cantina Mexicana,node,POINT (6.5646977 53.2168421),6.5646977,53.2168421
300,cafe,Simon Lévelt,node,POINT (6.562775600000001 53.2181564),6.562775600000001,53.2181564
301,cafe,PS,node,POINT (6.5621163 53.21896339999999),6.5621163,53.21896339999999
302,pub,De Uurwerker,node,POINT (6.561590300000001 53.21874749999999),6.561590300000001,53.21874749999999
303,cafe,Starbucks,node,POINT (6.562738300000001 53.2188181),6.562738300000001,53.2188181
304,restaurant,De Souffleur,node,POINT (6.5719571 53.2204068),6.5719571,53.2204068
305,fast_food,Domino's Pizza,node,POINT (6.5663928 53.222741),6.5663928,53.222741
306,restaurant,Délimarché,node,POINT (6.5755023 53.2220163),6.5755023,53.2220163
307,bar,Bar Kapteyn,node,POINT (6.5692542 53.2285718),6.5692542,53.2285718
308,restaurant,Picobello,node,POINT (6.5685608 53.2304029),6.5685608,53.2304029
309,fast_food,Kwalitaria,node,POINT (6.5627251 53.2273507),6.5627251,53.2273507
310,fast_food,Snackwagen,node,POINT (6.544298900000001 53.209196),6.544298900000001,53.209196
311,fast_food,Vis,node,POINT (6.504758 53.2098068),6.504758,53.2098068
312,restaurant,Bernlef,node,POINT (6.5407448 53.2314054),6.5407448,53.2314054
313,restaurant,Restaurant Academia,node,POINT (6.5627885 53.21943859999999),6.5627885,53.21943859999999
314,cafe,Leescafé,node,POINT (6.5643534 53.2191703),6.5643534,53.2191703
315,cafe,MiCaffe,node,POINT (6.557967200000001 53.2224999),6.557967200000001,53.2224999
316,restaurant,Restaurant GMW,node,POINT (6.5575289 53.2228711),6.5575289,53.2228711
317,restaurant,Personeelsrestaurant,node,POINT (6.5747725 53.22245370000001),6.5747725,53.22245370000001
318,restaurant,IKEA,node,POINT (6.5884602 53.21691239999999),6.5884602,53.21691239999999
319,restaurant,De Sleutel,node,POINT (6.5577785 53.2190175),6.5577785,53.2190175
320,cafe,Havenzicht,node,POINT (6.5572209 53.2188478),6.5572209,53.2188478
321,cafe,De Sigaar,node,POINT (6.559776400000001 53.2167185),6.5597764000000005,53.2167185
322,restaurant,De Pijp Wijn&Dine,node,POINT (6.559774799999999 53.21675659999999),6.559774799999999,53.21675659999999
323,restaurant,Bakkerij Blanche,node,POINT (6.559738300000001 53.2163638),6.559738300000001,53.2163638
324,fast_food,Subway,node,POINT (6.5604879 53.21649600000001),6.5604879,53.21649600000001
325,restaurant,Wereldburgers,node,POINT (6.5616759 53.21677079999999),6.5616759,53.21677079999999
326,fast_food,KFC,node,POINT (6.557529100000001 53.2152891),6.557529100000001,53.2152891
327,bar,,node,POINT (6.557571900000001 53.2165759),6.557571900000001,53.2165759
328,restaurant,Capricio,node,POINT (6.563550600000001 53.2165432),6.563550600000001,53.216543200000004
329,restaurant,Eetcafé Ugly Duck,node,POINT (6.563596199999999 53.2181349),6.563596199999999,53.2181349
330,cafe,Bagels & Beans,node,POINT (6.563446599999999 53.21810479999999),6.563446599999999,53.21810479999999
331,restaurant,Soestdijk,node,POINT (6.562753900000001 53.217993),6.562753900000001,53.217993
332,restaurant,Olympia,node,POINT (6.5641822 53.2182021),6.5641822,53.2182021
333,restaurant,Kantine Harmoniegebouw,node,POINT (6.5604925 53.2188025),6.5604925,53.2188025
334,restaurant,El Txoko,node,POINT (6.561671700000001 53.2198669),6.561671700000001,53.2198669
335,cafe,A-Café,node,POINT (6.562834800000001 53.2193699),6.562834800000001,53.219369900000004
336,cafe,Lunch & Lavazza,node,POINT (6.558405600000001 53.21651919999999),6.558405600000001,53.21651919999999
337,fast_food,Miss Saigon Pham,node,POINT (6.5431712 53.2308364),6.5431712,53.2308364
338,cafe,Hooghoudt,node,POINT (6.5675785 53.2181455),6.5675785,53.2181455
339,cafe,Pronk,node,POINT (6.5641003 53.2166808),6.5641003,53.2166808
340,cafe,Expresso,node,POINT (6.5315577 53.2398037),6.5315577,53.2398037
341,restaurant,,node,POINT (6.534794 53.2417907),6.534794,53.2417907
342,bar,Paddepoel Bar,node,POINT (6.5394799 53.23376059999999),6.5394799,53.23376059999999
343,restaurant,Sushi Mall,node,POINT (6.582582 53.21648079999999),6.582582,53.21648079999999
344,nightclub,OOST,node,POINT (6.56902 53.21786010000001),6.56902,53.21786010000001
345,cafe,Black & Bloom,node,POINT (6.5617551 53.21943959999999),6.5617551,53.219439599999994
346,fast_food,Palermo,node,POINT (6.557598300000001 53.2165355),6.557598300000001,53.2165355
347,restaurant,Diamant,node,POINT (6.5580012 53.21638369999999),6.5580012,53.216383699999994
348,restaurant,Pernikkel,node,POINT (6.5572125 53.2163902),6.5572125,53.2163902
349,restaurant,Eetcafé Lambik,node,POINT (6.5558918 53.2227285),6.5558918,53.222728499999995
350,fast_food,Crossroads,node,POINT (6.551755700000001 53.225191),6.551755700000001,53.225190999999995
351,cafe,Gypsy Rose,node,POINT (6.5514445 53.22542670000001),6.5514445,53.22542670000001
352,cafe,Anat,node,POINT (6.553367000000001 53.22360040000001),6.553367000000001,53.22360040000001
353,cafe,De Bres,node,POINT (6.553585899999999 53.22373489999999),6.553585899999999,53.22373489999999
354,restaurant,Het Curry Huis,node,POINT (6.5531278 53.2242584),6.5531278,53.2242584
355,restaurant,Ho Wan,node,POINT (6.5523383 53.22499609999998),6.5523383,53.224996099999984
356,restaurant,Michaelangelo,node,POINT (6.559139000000001 53.22411889999999),6.559139000000001,53.22411889999999
357,restaurant,de Stalhouderij,node,POINT (6.562198200000001 53.22281799999999),6.562198200000001,53.22281799999999
358,restaurant,Rigoletto,node,POINT (6.5614554 53.22592359999999),6.5614554,53.225923599999994
359,restaurant,De Blauwe Lotus,node,POINT (6.5614867 53.22586389999999),6.5614867,53.22586389999999
360,restaurant,Topoli,node,POINT (6.562922300000001 53.22437439999999),6.562922300000001,53.224374399999995
361,restaurant,Macedonië,node,POINT (6.561814500000001 53.2254786),6.5618145000000005,53.2254786
362,restaurant,BlaBla,node,POINT (6.5615239 53.2224336),6.5615239,53.2224336
363,fast_food,Sim,node,POINT (6.560113699999999 53.2232857),6.560113699999999,53.2232857
364,restaurant,Patrizia,node,POINT (6.555718300000001 53.2276121),6.5557183000000006,53.2276121
365,fast_food,New York Pizza,node,POINT (6.5617112 53.2255832),6.5617112,53.2255832
366,fast_food,Burgerbakkerij,node,POINT (6.564128300000001 53.22324869999998),6.564128300000001,53.223248699999985
367,cafe,de Rode Loper,node,POINT (6.564807200000001 53.2226339),6.564807200000001,53.2226339
368,bar,Societeit A.S.V. Dionysos,node,POINT (6.559207200000001 53.2225262),6.559207200000001,53.2225262
369,restaurant,Het Heerenhuis,node,POINT (6.5640433 53.2220219),6.5640433,53.2220219
370,restaurant,Namaskar,node,POINT (6.5621079 53.2251664),6.5621079,53.2251664
371,restaurant,Lokaal 77,node,POINT (6.5625489 53.2247503),6.5625489,53.2247503
372,bar,Plaza Danza,node,POINT (6.5648714 53.2225847),6.5648714,53.2225847
373,restaurant,House of Cooking,node,POINT (6.566876400000001 53.222605),6.566876400000001,53.222605
374,bar,De Garage,node,POINT (6.5642207 53.2239929),6.5642207,53.2239929
375,fast_food,Subway,node,POINT (6.566151 53.2209367),6.566151,53.2209367
376,restaurant,Okami,node,POINT (6.5675318 53.2202083),6.5675318,53.220208299999996
377,restaurant,Hasret,node,POINT (6.568989 53.2181539),6.568989,53.2181539
378,cafe,Kachel,node,POINT (6.5649539 53.2185813),6.5649539,53.2185813
379,fast_food,By Jeack,node,POINT (6.5651218 53.22324149999999),6.5651218,53.22324149999999
380,pub,Groote Griet,node,POINT (6.5682043 53.2182706),6.5682043,53.2182706
381,restaurant,Sugar Shack,node,POINT (6.566788800000001 53.2226502),6.566788800000001,53.222650200000004
382,pub,Hoppe,node,POINT (6.568111 53.2182731),6.568111,53.2182731
383,restaurant,Ribhouse Brongo,node,POINT (6.5684761 53.21830219999999),6.5684761,53.21830219999999
384,cafe,Palazzo Coffee,node,POINT (6.5642955 53.21839549999999),6.5642955,53.21839549999999
385,restaurant,The Hungry Mishka,node,POINT (6.5622541 53.2247089),6.5622541,53.2247089
386,fast_food,Taco Mundo,node,POINT (6.5636299 53.22335429999999),6.5636299,53.22335429999999
387,restaurant,Elmer's,node,POINT (6.5626446 53.22430899999999),6.5626446,53.22430899999999
388,restaurant,Samiramies,node,POINT (6.5624548 53.22451280000001),6.5624548,53.22451280000001
389,restaurant,Goud Heerlijk,node,POINT (6.5641423 53.22287949999999),6.5641423,53.22287949999999
390,restaurant,Lo Stivale,node,POINT (6.563323200000001 53.2236472),6.563323200000001,53.2236472
391,restaurant,Restaurant eetwaar,node,POINT (6.5598547 53.22209709999999),6.5598547,53.22209709999999
392,restaurant,Bimi,node,POINT (6.5634587 53.2234987),6.5634587,53.2234987
393,restaurant,Oven en Stoven,node,POINT (6.5628058 53.2241463),6.5628058,53.2241463
394,fast_food,Big Danas,node,POINT (6.5638703 53.2231554),6.5638703,53.223155399999996
395,bar,Coffee to go,node,POINT (6.571372700000001 53.21967579999999),6.571372700000001,53.21967579999999
396,cafe,Croissanterie het Opstapje,node,POINT (6.5649662 53.21868049999998),6.5649662,53.218680499999984
397,cafe,Koffieshop Metamorphose,node,POINT (6.563726 53.22037690000001),6.563726,53.220376900000005
398,cafe,Spaak,node,POINT (6.5630629 53.2207274),6.5630629,53.2207274
399,restaurant,Cave Oporto,node,POINT (6.560369999999999 53.21664710000001),6.560369999999999,53.21664710000001
400,fast_food,t Stoepje,node,POINT (6.5623708 53.22073189999999),6.5623708,53.22073189999999
401,bar,Metalcafé de Witte Wolf,node,POINT (6.563773100000001 53.2203343),6.563773100000001,53.2203343
402,restaurant,Smaeck,node,POINT (6.5648123 53.21881799999999),6.5648123,53.21881799999999
403,restaurant,Land van Konkanje,node,POINT (6.5649149 53.2190562),6.5649149,53.2190562
404,restaurant,Brussels Lof,node,POINT (6.562283600000001 53.21789919999999),6.562283600000001,53.21789919999999
405,bar,De Witte Raaf,node,POINT (6.5621619 53.2171046),6.5621619,53.2171046
406,restaurant,Felix Fine Food,node,POINT (6.5606434 53.21665079999999),6.5606434,53.21665079999999
407,cafe,De Soepwinkel,node,POINT (6.5623891 53.2186426),6.5623891,53.2186426
408,cafe,Novo Konditerei,node,POINT (6.563293399999999 53.2175974),6.563293399999999,53.217597399999995
409,fast_food,Pure Frozen,node,POINT (6.566438200000001 53.21759109999999),6.566438200000001,53.21759109999999
410,fast_food,iScream,node,POINT (6.5623519 53.21895159999999),6.5623519,53.21895159999999
411,fast_food,Tosti World,node,POINT (6.565523700000001 53.2171426),6.565523700000001,53.217142599999995
412,restaurant,Sumo,node,POINT (6.564292700000001 53.2167184),6.564292700000001,53.2167184
413,restaurant,Hock Sieng,node,POINT (6.5655567 53.2171809),6.5655567,53.217180899999995
414,cafe,Croissanterie Pigalle,node,POINT (6.5635537 53.2176278),6.5635537,53.2176278
415,restaurant,Pastafabriek,node,POINT (6.5634426 53.21781959999999),6.5634426,53.21781959999999
416,fast_food,Frietwinkel,node,POINT (6.5651348 53.21490919999999),6.5651348,53.214909199999994
417,cafe,N25,node,POINT (6.5623021 53.21903139999999),6.5623021,53.21903139999999
418,cafe,Bij Britta,node,POINT (6.562236500000001 53.2191111),6.562236500000001,53.2191111
419,cafe,Feel Good,node,POINT (6.5622041 53.2191679),6.5622041,53.2191679
420,restaurant,The Alley,node,POINT (6.5648497 53.2164921),6.5648497,53.2164921
421,fast_food,Il Gusto,node,POINT (6.562104300000001 53.2192453),6.562104300000001,53.2192453
422,cafe,Anna's Lunchcafé,node,POINT (6.564607799999999 53.2157139),6.564607799999999,53.2157139
423,fast_food,Toscana,node,POINT (6.5648943 53.2153354),6.5648943,53.2153354
424,restaurant,Eeterie de Globe,node,POINT (6.5625349 53.2161523),6.5625349,53.216152300000005
425,restaurant,Papa Joe,node,POINT (6.5651044 53.2153729),6.5651044,53.2153729
426,fast_food,Turkey Chicken,node,POINT (6.561134000000001 53.2202028),6.561134000000001,53.2202028
427,restaurant,XO,node,POINT (6.564234 53.21614959999999),6.564234,53.216149599999994
428,restaurant,Midi Brasserie,node,POINT (6.565032000000001 53.21545429999998),6.565032000000001,53.21545429999998
429,cafe,++,node,POINT (6.561406600000001 53.22022820000001),6.561406600000001,53.22022820000001
430,cafe,Coffeeshop The Clown,node,POINT (6.5647347 53.21585069999999),6.5647347,53.21585069999999
431,restaurant,Tapasco,node,POINT (6.565068 53.2165426),6.565068,53.2165426
432,restaurant,Dubbeljoe,node,POINT (6.5649245 53.21527799999999),6.5649245,53.21527799999999
433,restaurant,Soupdogg,node,POINT (6.5651227 53.21531259999999),6.5651227,53.21531259999999
434,restaurant,Eetcounter Sip Bloemberg,node,POINT (6.5678755 53.19611170000001),6.5678755,53.19611170000001
435,fast_food,Rossini,node,POINT (6.5470939 53.2167803),6.5470939,53.2167803
436,fast_food,Domino's Pizza,node,POINT (6.542372300000001 53.2304566),6.542372300000001,53.2304566
437,fast_food,De Haringspecialist,node,POINT (6.5408119 53.23222549999998),6.5408119,53.232225499999984
438,restaurant,Chez Nous,node,POINT (6.5741051 53.22132049999999),6.5741051,53.22132049999999
439,cafe,Bartista,node,POINT (6.565803200000001 53.2131172),6.565803200000001,53.2131172
440,restaurant,tapasstraatje,node,POINT (6.5690859 53.2180091),6.5690859,53.2180091
441,cafe,coffeecompany,node,POINT (6.57028 53.2165279),6.57028,53.2165279
442,bar,coffeeshop upper 10,node,POINT (6.5718523 53.2164344),6.5718523,53.2164344
443,nightclub,vipclub,node,POINT (6.5696887 53.21717550000001),6.5696887,53.21717550000001
444,bar,café kanarie,node,POINT (6.570725800000001 53.2161704),6.570725800000001,53.216170399999996
445,bar,het catshuys,node,POINT (6.5722135 53.21667780000001),6.5722135,53.21667780000001
446,pub,Twister,node,POINT (6.5709611 53.218243),6.5709611,53.218243
447,cafe,van diepen,node,POINT (6.568839699999999 53.21711519999999),6.568839699999999,53.217115199999995
448,cafe,casa de la musica,node,POINT (6.5687846 53.2171718),6.5687846,53.2171718
449,restaurant,de gulzige kater,node,POINT (6.5729046 53.2172179),6.5729046,53.2172179
450,cafe,t Gronings broodjeshuis,node,POINT (6.569171 53.2165942),6.569171,53.2165942
451,bar,chupitos shooter bar,node,POINT (6.5688807 53.21706729999999),6.5688807,53.21706729999999
452,restaurant,Caïro shoarma grill,node,POINT (6.570834900000001 53.2179489),6.570834900000001,53.2179489
453,fast_food,Klein Groningen,node,POINT (6.5694496 53.21824830000001),6.5694496,53.218248300000006
454,bar,the end karaoke,node,POINT (6.5682334 53.2178668),6.5682334,53.217866799999996
455,restaurant,de stadhouder,node,POINT (6.568312 53.2177349),6.568312,53.2177349
456,restaurant,tekinev,node,POINT (6.5684649 53.2175352),6.5684649,53.2175352
457,pub,Oblomov,node,POINT (6.569732499999999 53.2182557),6.569732499999999,53.2182557
458,cafe,pappa joe's,node,POINT (6.56907 53.21674179999999),6.56907,53.216741799999994
459,restaurant,de pauw,node,POINT (6.5691205 53.21669440000001),6.5691205,53.21669440000001
460,restaurant,proevens,node,POINT (6.5691675 53.21653389999999),6.5691675,53.216533899999995
461,restaurant,Imono,node,POINT (6.5683988 53.21762069999998),6.5683988,53.21762069999998
462,pub,A.S.V. Dizkartes,node,POINT (6.5708708 53.21762079999999),6.5708708,53.21762079999999
463,pub,Wolter wolters,node,POINT (6.5696503 53.2183646),6.5696503,53.2183646
464,restaurant,Warung Jawa,node,POINT (6.5642099 53.214376),6.5642099,53.214376
465,pub,d'olle grieze,node,POINT (6.566362100000001 53.21530559999999),6.566362100000001,53.21530559999999
466,pub,De Kale Jonker,node,POINT (6.5621527 53.21463889999999),6.5621527,53.21463889999999
467,fast_food,Star,node,POINT (6.5628669 53.21446489999999),6.5628669,53.21446489999999
468,bar,Coffeeshop de Medley,node,POINT (6.566862900000001 53.21446769999999),6.566862900000001,53.21446769999999
469,restaurant,Filoxenia,node,POINT (6.569789 53.2174542),6.569789,53.2174542
470,cafe,Bees Koffieshop,node,POINT (6.5704251 53.2174176),6.5704251,53.2174176
471,pub,Klein Amsterdam,node,POINT (6.570071 53.2183866),6.570071,53.218386599999995
472,fast_food,Konbu Streetfood,node,POINT (6.5693488 53.21796799999999),6.5693488,53.21796799999999
473,pub,The Jack,node,POINT (6.5710376 53.2173177),6.5710376,53.2173177
474,fast_food,Subway,node,POINT (6.5655963 53.21430279999998),6.5655963,53.214302799999984
475,restaurant,Da Carlo,node,POINT (6.5682978 53.21485180000001),6.5682978,53.214851800000005
476,pub,Café the Crown,node,POINT (6.571327800000001 53.21585719999999),6.571327800000001,53.215857199999995
477,fast_food,Capadocië,node,POINT (6.5721512 53.21839439999999),6.5721512,53.21839439999999
478,restaurant,De Groningen Stadskranten,node,POINT (6.5704131 53.2184175),6.5704131,53.2184175
479,restaurant,Grandcafe Groningen,node,POINT (6.5672275 53.21455869999999),6.5672275,53.21455869999999
480,pub,'t Gat van Groningen,node,POINT (6.5722287 53.2183923),6.5722287,53.2183923
481,restaurant,Blokes,node,POINT (6.5710291 53.2182755),6.5710291,53.2182755
482,bar,Café Style,node,POINT (6.5676945 53.214679),6.5676945,53.214679
483,restaurant,Da Mino,node,POINT (6.5677702 53.2146836),6.5677702,53.2146836
484,fast_food,Amsterdams Broodjeshuis,node,POINT (6.5701185 53.21532310000001),6.5701185,53.215323100000006
485,restaurant,Het zusje van André Dokter,node,POINT (6.5696179 53.21765979999999),6.5696179,53.217659799999986
486,cafe,Brownies en Downies,node,POINT (6.5699794 53.21718109999999),6.5699794,53.21718109999999
487,pub,Barrel wijnlokaal,node,POINT (6.565787200000001 53.21578120000001),6.565787200000001,53.21578120000001
488,pub,Bar Players,node,POINT (6.5701324 53.2183949),6.5701324,53.2183949
489,pub,Buckshot,node,POINT (6.5670594 53.2145088),6.5670594,53.2145088
490,restaurant,Houdt van eten,node,POINT (6.5690775 53.2145336),6.5690775,53.214533599999996
491,restaurant,No. 25,node,POINT (6.571522800000001 53.2156297),6.571522800000001,53.2156297
492,fast_food,Safak Cafetaria en Grillroom,node,POINT (6.5714791 53.21571),6.5714791,53.21571
493,restaurant,Ristorante Romantica Italiano,node,POINT (6.5716345 53.21545480000001),6.5716345,53.21545480000001
494,pub,Villa Volonte,node,POINT (6.5742821 53.2173196),6.5742821,53.2173196
495,bar,Imparator,node,POINT (6.5677562 53.21539929999999),6.5677562,53.215399299999994
496,cafe,Boven Jan,node,POINT (6.567895400000001 53.2169754),6.567895400000001,53.2169754
497,cafe,Koffieshop De vliegende hollander,node,POINT (6.5666869 53.2148164),6.5666869,53.2148164
498,pub,De Oude Wacht,node,POINT (6.5704779 53.21592129999999),6.5704779,53.21592129999999
499,cafe,Croissanterie Du Nord,node,POINT (6.5678098 53.2170968),6.5678098,53.2170968
500,pub,The drinking otter,node,POINT (6.5734333 53.21815939999999),6.5734333,53.21815939999999
501,restaurant,Tong Ah,node,POINT (6.5766072 53.21801189999999),6.5766072,53.21801189999999
502,cafe,Brasserie Groen,node,POINT (6.5693007 53.21631339999999),6.5693007,53.21631339999999
503,cafe,de Doos,node,POINT (6.568032900000001 53.2175755),6.568032900000001,53.217575499999995
504,bar,Café Atlantis,node,POINT (6.566760799999999 53.2148288),6.566760799999999,53.2148288
505,restaurant,de Herbivoor,node,POINT (6.566799999999999 53.21484210000001),6.566799999999999,53.214842100000006
506,restaurant,Eetcafé Roezemoes,node,POINT (6.5699106 53.2157364),6.5699106,53.2157364
507,cafe,Hello Sandwich,node,POINT (6.5699782 53.2165681),6.5699782,53.2165681
508,restaurant,De Kleine Kasteleine,node,POINT (6.570126 53.2164692),6.570126,53.2164692
509,cafe,wadapartja,node,POINT (6.5677794 53.21509059999999),6.5677794,53.21509059999999
510,restaurant,Tapasseria Catalana,node,POINT (6.5697914 53.21571289999999),6.5697914,53.215712899999986
511,restaurant,Het lopster Veerhuis,node,POINT (6.5760687 53.21779560000001),6.5760687,53.21779560000001
512,fast_food,Lunchroom Kars,node,POINT (6.5777141 53.2184261),6.5777141,53.2184261
513,restaurant,Galitelli,node,POINT (6.5738874 53.2177702),6.5738874,53.217770200000004
514,bar,Cleopatra,node,POINT (6.567514900000001 53.21582219999999),6.567514900000001,53.21582219999999
515,restaurant,Pizzabakkerij Hans en Johnny,node,POINT (6.5685375 53.2169967),6.5685375,53.2169967
516,bar,Tram 13,node,POINT (6.5680825 53.21752459999999),6.5680825,53.21752459999999
517,bar,Coyote's,node,POINT (6.5679893 53.21761479999999),6.5679893,53.21761479999999
518,pub,Chaplin's Pub,node,POINT (6.565965800000001 53.2146593),6.565965800000001,53.2146593
519,cafe,De Luna,node,POINT (6.566186399999999 53.214682),6.566186399999999,53.214682
520,restaurant,La Martina,node,POINT (6.569989600000001 53.2157525),6.569989600000001,53.2157525
521,pub,De Burcht,node,POINT (6.5693329 53.2156572),6.5693329,53.2156572
522,fast_food,Verse Patat,node,POINT (6.568825300000001 53.21596929999999),6.568825300000001,53.21596929999999
523,pub,New Orleans Jazz Cafe,node,POINT (6.5681838 53.2173927),6.5681838,53.2173927
524,fast_food,DemDem Döner Kebap Pizza,node,POINT (6.5680455 53.2176882),6.5680455,53.217688200000005
525,restaurant,Hansato,node,POINT (6.5669629 53.2148774),6.5669629,53.2148774
526,cafe,De Betere Tijden,node,POINT (6.5684438 53.21711470000001),6.5684438,53.21711470000001
527,restaurant,Toet Pannekoek,node,POINT (6.565446 53.21464759999999),6.565446,53.21464759999999
528,fast_food,Gino's IJssalon,node,POINT (6.565547200000001 53.2146437),6.565547200000001,53.2146437
529,restaurant,Giovanni's,node,POINT (6.5670161 53.2148869),6.5670161,53.214886899999996
530,bar,Pierement,node,POINT (6.5663904 53.21511049999999),6.5663903999999995,53.215110499999994
531,pub,Proeflokaal 't Kelderke,node,POINT (6.5703663 53.21588529999999),6.5703663,53.21588529999999
532,cafe,Lokanta Günes,node,POINT (6.5635982 53.21470679999999),6.5635982,53.214706799999995
533,restaurant,Cho Fah,node,POINT (6.567966800000001 53.2177884),6.567966800000001,53.2177884
534,fast_food,Toko Semarang,node,POINT (6.5633967 53.21474430000001),6.5633967,53.21474430000001
535,cafe,Eetcafé d'Oude Brandweer,node,POINT (6.5658425 53.2146541),6.5658425,53.2146541
536,restaurant,Fatoush,node,POINT (6.575588 53.2170544),6.575588,53.2170544
537,pub,Martinus Proeflokaal,node,POINT (6.5732567 53.2161836),6.5732567,53.2161836
538,cafe,Koffieshop The Happy,node,POINT (6.5751109 53.21687779999998),6.5751109,53.216877799999985
539,fast_food,Magdalena,node,POINT (6.5604811 53.229024),6.5604811,53.229024
540,bar,Herman's Bar,node,POINT (6.569892400000001 53.23061239999999),6.5698924000000005,53.23061239999999
541,cafe,B&E,node,POINT (6.5618669 53.227239),6.5618669,53.227239
542,bar,De kleine Oosterpoort,node,POINT (6.5787289 53.2123639),6.5787289,53.2123639
543,bar,,node,POINT (6.5788594 53.21167449999999),6.5788594,53.211674499999994
544,bar,Die 2,node,POINT (6.5760033 53.2106546),6.5760033,53.2106546
545,restaurant,Rima,node,POINT (6.575459500000001 53.2113344),6.575459500000001,53.2113344
546,fast_food,Cafetaria de Paardeschuur,node,POINT (6.567287300000001 53.2301258),6.567287300000001,53.230125799999996
547,fast_food,Cafetaria De Hunze,node,POINT (6.574879300000001 53.2329231),6.574879300000001,53.2329231
548,restaurant,Indië,node,POINT (6.562766400000001 53.22775209999999),6.562766400000001,53.22775209999999
549,restaurant,Manna,node,POINT (6.5620101 53.22736239999998),6.5620101,53.22736239999998
550,restaurant,Wah Hing,node,POINT (6.5763083 53.2107059),6.5763083,53.2107059
551,cafe,Koffieshop Driemaster,node,POINT (6.5745395 53.2184175),6.5745395,53.2184175
552,restaurant,De Meeuwen,node,POINT (6.5797767 53.2101957),6.5797767,53.2101957
553,cafe,Broodjes & zo,node,POINT (6.5737987 53.21846119999999),6.5737987,53.21846119999999
554,cafe,Provence,node,POINT (6.565453 53.21347809999999),6.565453,53.21347809999999
555,cafe,Pavilijoen Sterrebos,node,POINT (6.5808884 53.20610820000001),6.5808884,53.20610820000001
556,cafe,oak,node,POINT (6.5678409 53.23659669999999),6.5678409,53.23659669999999
557,fast_food,Pizzeria Picola Roma,node,POINT (6.552200200000001 53.21743659999999),6.552200200000001,53.21743659999999
558,bar,de Valstrik,node,POINT (6.5557665 53.21631199999999),6.5557665,53.216311999999995
559,restaurant,de Slingerij,node,POINT (6.5560031 53.21608510000001),6.5560031,53.21608510000001
560,fast_food,Castello Pizzeria,node,POINT (6.55595 53.2130431),6.55595,53.2130431
561,fast_food,Rimini Pizzeria,node,POINT (6.555822700000001 53.21203100000001),6.555822700000001,53.21203100000001
562,fast_food,Shoarma-Grill No Limits,node,POINT (6.5554589 53.2163744),6.5554589,53.2163744
563,cafe,Toshka,node,POINT (6.5658624 53.21733499999999),6.5658624,53.21733499999999
564,cafe,Spaak,node,POINT (6.5630731 53.22073209999999),6.5630731,53.22073209999999
565,cafe,denderz,node,POINT (6.5578419 53.21586959999998),6.5578419,53.215869599999984
566,cafe,Koffieshop Raggamuffin,node,POINT (6.5598223 53.2287506),6.5598223,53.2287506
567,fast_food,Kiosk Regulateurshuis,node,POINT (6.567573100000001 53.2240242),6.567573100000001,53.2240242
568,restaurant,Delfi,node,POINT (6.5611425 53.22656930000001),6.5611425,53.22656930000001
569,restaurant,Eten&co,node,POINT (6.6039882 53.2175957),6.6039882,53.2175957
570,fast_food,Snack Centrum,node,POINT (6.5803995 53.22158990000001),6.5803995,53.221589900000005
571,fast_food,Tuscano,node,POINT (6.5797426 53.22175730000001),6.5797426,53.22175730000001
572,restaurant,Melrose,node,POINT (6.558837900000001 53.2288112),6.558837900000001,53.2288112
573,restaurant,Buurman & Buurman Eetwinkel,node,POINT (6.5614644 53.22736889999999),6.5614644,53.22736889999999
574,cafe,Longneck,node,POINT (6.5604249 53.2290769),6.5604249,53.229076899999995
575,cafe,CCG Buurtcafé,node,POINT (6.5590943 53.22962589999999),6.5590943,53.22962589999999
576,fast_food,De Wending,node,POINT (6.5609925 53.22868010000001),6.5609925,53.228680100000005
577,fast_food,Cafetaria Koning,node,POINT (6.560550300000001 53.2292576),6.560550300000001,53.2292576
578,restaurant,The Pool,node,POINT (6.565511100000001 53.22349809999999),6.565511100000001,53.22349809999999
579,restaurant,,node,POINT (6.5328667 53.2408623),6.5328667000000005,53.240862299999996
580,fast_food,Dominos,node,POINT (6.5692912 53.21826699999999),6.5692912,53.21826699999999
581,fast_food,Febo,node,POINT (6.5659559 53.2178892),6.5659559,53.2178892
582,cafe,Café De Zolder,node,POINT (6.5703901 53.21741579999999),6.5703901,53.21741579999999
583,cafe,Double A,node,POINT (6.5579879 53.2150133),6.5579879,53.215013299999995
584,fast_food,e wok,node,POINT (6.5663628 53.21878259999999),6.5663628,53.21878259999999
585,pub,Café Bar Lewenborg,node,POINT (6.623728100000001 53.23749659999999),6.623728100000001,53.23749659999999
586,fast_food,Cafetaria de Steiger,node,POINT (6.6237097 53.2375487),6.6237097,53.2375487
587,restaurant,La Scala,node,POINT (6.6234823 53.2377568),6.6234823,53.2377568
588,cafe,Doppio,node,POINT (6.5652282 53.21466),6.5652282,53.21466
589,restaurant,de WolkenFabriek,node,POINT (6.5371521 53.21044049999999),6.5371521,53.21044049999999
590,restaurant,Vapiano,node,POINT (6.5697645 53.21836919999999),6.5697645,53.21836919999999
591,restaurant,La Place,node,POINT (6.5663405 53.219475),6.5663405,53.219474999999996
592,cafe,Nespresso Boutique,node,POINT (6.5613439 53.21673979999999),6.5613439,53.21673979999999
593,restaurant,l'Eetudié,node,POINT (6.5692293 53.23204059999998),6.5692293,53.23204059999998
594,cafe,Kleintje Maas,node,POINT (6.5672582 53.21918180000001),6.5672582,53.21918180000001
595,cafe,De Gezonde Planeet,node,POINT (6.5762088 53.2223268),6.5762088,53.2223268
596,pub,Ludina Brewery,node,POINT (6.5655656 53.22212279999999),6.5655656,53.222122799999994
597,internet_cafe,,node,POINT (6.5763034 53.2222576),6.5763034,53.2222576
598,cafe,Petit Café,node,POINT (6.5766445 53.2208707),6.5766445,53.2208707
599,cafe,Proeflokaal 't Kantoor,node,POINT (6.5677106 53.2239787),6.5677106,53.223978699999996
600,cafe,TOET het toetjesparadijs,node,POINT (6.5655721 53.21297119999999),6.5655721,53.21297119999999
601,fast_food,De Heerlijcke Hap,node,POINT (6.571638 53.2096199),6.571638,53.2096199
602,fast_food,Saigon,node,POINT (6.5659107 53.2178371),6.5659107,53.2178371
603,bar,Cappuvino,node,POINT (6.5658946 53.2178769),6.5658946,53.2178769
604,restaurant,Martini Restaurant & Espressobar,node,POINT (6.550160299999999 53.19147959999999),6.550160299999999,53.191479599999994
605,cafe,Foos&Shop,node,POINT (6.552039 53.19173839999999),6.552039,53.19173839999999
606,cafe,La Officina,node,POINT (6.563178 53.2177186),6.563178,53.2177186
607,restaurant,Achterwerk,node,POINT (6.568946 53.21781199999999),6.568946,53.21781199999999
608,cafe,Tuinland Groningen Café,node,POINT (6.539279199999999 53.20964059999999),6.539279199999999,53.20964059999999
609,pub,Dagcafé Oude RKZ,node,POINT (6.5815765 53.1974958),6.5815765,53.1974958
610,fast_food,De Wachtkamer,way,POINT (6.5612985 53.2294094),6.5612985,53.2294094
611,cafe,Goudkantoor,way,POINT (6.566280100000001 53.21848739999999),6.566280100000001,53.218487399999994
612,fast_food,McDonald's Groningen,way,POINT (6.540703700000001 53.21370009999999),6.540703700000001,53.21370009999999
613,fast_food,McDonald's,way,POINT (6.584116499999999 53.2162862),6.5841164999999995,53.2162862
614,restaurant,Shufu State,way,POINT (6.6311948 53.23581149999999),6.6311948,53.23581149999999
615,bar,Café De Klikspaan,way,POINT (6.5678218 53.2087033),6.5678218,53.2087033
616,pub,Baxbier,way,POINT (6.5351809 53.22662669999999),6.5351809,53.22662669999999
617,restaurant,Tekinev,way,POINT (6.5686406 53.21751290000001),6.5686406,53.21751290000001
618,restaurant,De Seizoenen,way,POINT (6.661169100000001 53.21262),6.661169100000001,53.21262
619,pub,,way,POINT (6.5658848 53.2121276),6.5658848,53.2121276
620,pub,Cafe het Noorderstation,way,POINT (6.5565205 53.2300783),6.5565205,53.230078299999995
