Buurtnummer;Pleegsubbuurt
1;Bangeweer
2;Beijum-Oost
3;Beijum-West
4;Binnenstad-Noord
5;Binnenstad-Oost
6;Binnenstad-West
7;Binnenstad-Zuid
8;Bloemenbuurt
9;Bovenstreek
10;Coendersborg
11;Concordiabuurt
12;Corpus den Hoorn-Noord
13;Corpus den Hoorn-Zuid
14;Damsterbuurt
15;De Held
16;De Hoogte
17;De Wijert-Noord
18;De Wijert-Zuid
19;Dorkwerd
20;Engelbert
21;Euvelgunne
22;Florabuurt
23;Friesestraatweg
24;Gorechtbuurt
25;Groningen
26;Grunobuurt
27;Helpman-Oost
28;Helpman-West
29;Herewegbuurt
30;Hoendiep
31;Hoogkerk-Dorp
32;Hoogkerk-Zuid
33;Industriebuurt
34;Koningslaagte
35;Korrewegbuurt
36;Kostverloren
37;Laanhuizen
38;Leegkerk
39;Lewenborg-Noord
40;Lewenborg-West
41;Lewenborg-Zuid
42;Middelbert
43;Noorderhoogebrug
44;Onbekend
45;Oosterhoogebrug
46;Oosterparkbuurt
47;Oosterpoortbuurt
48;Oost-Indischebuurt
49;Oranjebuurt
50;Paddepoel-Noord
51;Paddepoel-Zuid
52;Peizerweg
53;Rivierenbuurt
54;Roodehaan
55;Ruischerbrug
56;Schildersbuurt
57;Selwerd
58;Stadscentrum
59;Stadspark
60;Ulgersmabuurt
61;Universiteitscomplex
62;Villabuurt-Oost
63;Villabuurt-West
64;Vinkhuizen-Noord
65;Vinkhuizen-Zuid
66;West-Indischebuurt
67;Woonschepenhaven
68;Zeeheldenbuurt
