cel,count,bushaltes,cameratoezicht_vlak,coffeeshops,horeca,onth_verg_drank_en_horeca,openbareverlichting,slaapopvang_en_methadon,verblijfsobjecten
0,0,0.0002931247,0.0000000000,0.0000000000,0.0000000000,0.0000000000,0.0000000146,0.0000000000,0.0000000000
1,0,0.0004935337,0.0000000000,0.0000000000,0.0000000000,0.0000000000,0.0000002860,0.0000000000,0.0000000000
2,0,0.0008766006,0.0000000000,0.0000000000,0.0000000000,0.0000000000,0.0000047669,0.0000000000,0.0000000000
3,0,0.0017652668,0.0000000000,0.0000000000,0.0000000000,0.0000000000,0.0000555666,0.0000000000,0.0000000011
4,0,0.0038805324,0.0000000000,0.0000000000,0.0000000000,0.0000000000,0.0004572146,0.0000000000,0.0000004492
5,0,0.0084414471,0.0000000000,0.0000000000,0.0000000000,0.0000000000,0.0027089161,0.0000000000,0.0000586225
6,0,0.0169308116,0.0000000000,0.0000000000,0.0000000000,0.0000000003,0.0116789831,0.0000000000,0.0021327391
7,0,0.0303300848,0.0000000000,0.0000000000,0.0000000020,0.0000000036,0.0364705582,0.0000000000,0.0208069580
8,0,0.0480182206,0.0000000000,0.0000000000,0.0000000835,0.0000000221,0.0815502713,0.0000000000,0.0619085190
9,0,0.0670855387,0.0000000000,0.0000000000,0.0000017222,0.0000000650,0.1303634468,0.0000000000,0.0815644100
10,0,0.0829251203,0.0000000000,0.0000000000,0.0000168112,0.0000000916,0.1517896715,0.0000000000,0.0627464090
11,0,0.0911762274,0.0000000000,0.0000000000,0.0000767887,0.0000000618,0.1326394653,0.0000000000,0.0270331250
12,0,0.0899025012,0.0000000000,0.0000000000,0.0001632086,0.0000000199,0.0882715881,0.0000000000,0.0099875443
13,0,0.0804882866,0.0000000000,0.0000000000,0.0001609708,0.0000000031,0.0449894443,0.0000000000,0.0024614595
14,0,0.0666662234,0.0000000000,0.0000000000,0.0000735757,0.0000000002,0.0201931293,0.0000000000,0.0002879138
15,0,0.0524857668,0.0000000000,0.0000000000,0.0000155751,0.0000000000,0.0123800311,0.0000000000,0.0000866267
16,0,0.0406110368,0.0000000000,0.0000000000,0.0000015266,0.0000000000,0.0102594009,0.0000000000,0.0001957552
17,0,0.0317861012,0.0000000000,0.0000000000,0.0000000694,0.0000000000,0.0072476821,0.0000000000,0.0001880221
18,0,0.0253648732,0.0000000000,0.0000000000,0.0000000017,0.0000000000,0.0037463021,0.0000000000,0.0001171704
19,0,0.0202590871,0.0000000000,0.0000000000,0.0000000005,0.0000000000,0.0014384256,0.0000000000,0.0001258974
20,0,0.0156858938,0.0000000000,0.0000000000,0.0000000006,0.0000000000,0.0004257311,0.0000000000,0.0000830886
21,0,0.0114305454,0.0000000000,0.0000000000,0.0000000004,0.0000000000,0.0000978581,0.0000000000,0.0000210579
22,0,0.0076858007,0.0000000000,0.0000000000,0.0000000001,0.0000000000,0.0000170497,0.0000000000,0.0000018117
23,0,0.0047248519,0.0000000000,0.0000000000,0.0000000000,0.0000000000,0.0000021697,0.0000000000,0.0000000669
24,0,0.0026598061,0.0000000000,0.0000000000,0.0000000000,0.0000000000,0.0000001961,0.0000000000,0.0000000017
25,0,0.0013909796,0.0000000000,0.0000000000,0.0000000000,0.0000000000,0.0000000147,0.0000000000,0.0000000000
26,0,0.0006959764,0.0000000000,0.0000000000,0.0000000000,0.0000000000,0.0000000024,0.0000000000,0.0000000000
27,0,0.0003463706,0.0000000000,0.0000000000,0.0000000000,0.0000000000,0.0000000008,0.0000000000,0.0000000000
28,0,0.0001759793,0.0000000000,0.0000000000,0.0000000000,0.0000000000,0.0000000002,0.0000000000,0.0000000000
29,0,0.0000903637,0.0000000000,0.0000000000,0.0000000000,0.0000000000,0.0000000000,0.0000000000,0.0000000000
30,0,0.0011039720,0.0000000000,0.0000000000,0.0000000000,0.0000000000,0.0000002467,0.0000000000,0.0000000000
31,0,0.0016839409,0.0000000000,0.0000000000,0.0000000000,0.0000000000,0.0000010225,0.0000000000,0.0000000004
32,0,0.0024443219,0.0000000000,0.0000000000,0.0000000000,0.0000000000,0.0000108957,0.0000000000,0.0000000014
33,0,0.0037235412,0.0000000000,0.0000000000,0.0000000000,0.0000000000,0.0001081754,0.0000000000,0.0000000070
34,0,0.0064716939,0.0000000000,0.0000000000,0.0000000000,0.0000000000,0.0007762681,0.0000000000,0.0000014464
35,0,0.0124823234,0.0000000000,0.0000000000,0.0000000000,0.0000000003,0.0041108248,0.0000000000,0.0001105373
36,0,0.0241640558,0.0000000000,0.0000000000,0.0000000004,0.0000000103,0.0165811298,0.0000000000,0.0029678159
37,0,0.0435255343,0.0000000000,0.0000000000,0.0000000272,0.0000001492,0.0511751745,0.0000000000,0.0264775501
38,0,0.0705272859,0.0000000000,0.0000000000,0.0000009981,0.0000010501,0.1187410609,0.0000000000,0.0788331131
39,2,0.1017479298,0.0000000000,0.0000000000,0.0000185821,0.0000035669,0.2044880534,0.0000000000,0.1097159413
40,3,0.1306817611,0.0000000000,0.0000000000,0.0001694126,0.0000058300,0.2642733438,0.0000000000,0.1066333932
41,0,0.1501625091,0.0000000000,0.0000000000,0.0007370474,0.0000045754,0.2628525004,0.0000000000,0.0838123632
42,0,0.1557221574,0.0000000000,0.0000000000,0.0015075812,0.0000017213,0.2034441399,0.0000000000,0.0662512687
43,0,0.1476737967,0.0000000000,0.0000000000,0.0014385143,0.0000003100,0.1244504903,0.0000000000,0.0285095241
44,0,0.1305135133,0.0000000000,0.0000000000,0.0006378187,0.0000000267,0.0717771550,0.0000000000,0.0060634749
45,0,0.1102191829,0.0000000000,0.0000000000,0.0001311690,0.0000000011,0.0571531890,0.0000000000,0.0021040612
46,0,0.0913828063,0.0000000000,0.0000000000,0.0000125129,0.0000000001,0.0559004158,0.0000000000,0.0043083578
47,0,0.0758317780,0.0000000000,0.0000000000,0.0000005643,0.0000000001,0.0458119023,0.0000000000,0.0041573265
48,0,0.0630625679,0.0000000000,0.0000000000,0.0000000352,0.0000000001,0.0281995039,0.0000000000,0.0020040727
49,0,0.0516706405,0.0000000000,0.0000000000,0.0000000524,0.0000000001,0.0133417882,0.0000000000,0.0016391372
50,0,0.0406778679,0.0000000000,0.0000000000,0.0000000626,0.0000000001,0.0050140416,0.0000000000,0.0012277646
51,0,0.0300804143,0.0000000000,0.0000000000,0.0000000359,0.0000000000,0.0014885287,0.0000000000,0.0003677236
52,0,0.0205850864,0.0000000000,0.0000000000,0.0000000097,0.0000000000,0.0003361930,0.0000000000,0.0000470097
53,0,0.0129668800,0.0000000000,0.0000000000,0.0000000012,0.0000000000,0.0000552322,0.0000000000,0.0000046300
54,0,0.0075631431,0.0000000000,0.0000000000,0.0000000001,0.0000000000,0.0000064803,0.0000000000,0.0000002409
55,0,0.0041663938,0.0000000000,0.0000000000,0.0000000000,0.0000000000,0.0000007056,0.0000000000,0.0000000039
56,0,0.0022404701,0.0000000000,0.0000000000,0.0000000000,0.0000000000,0.0000001866,0.0000000000,0.0000000000
57,0,0.0012154051,0.0000000000,0.0000000000,0.0000000000,0.0000000000,0.0000000748,0.0000000000,0.0000000000
58,0,0.0006705460,0.0000000000,0.0000000000,0.0000000000,0.0000000000,0.0000000208,0.0000000000,0.0000000000
59,0,0.0003664634,0.0000000000,0.0000000000,0.0000000000,0.0000000000,0.0000000035,0.0000000000,0.0000000000
60,0,0.0035683770,0.0000000000,0.0000000000,0.0000000000,0.0000000000,0.0000071685,0.0000000000,0.0000000042
61,0,0.0052713903,0.0000000000,0.0000000000,0.0000000004,0.0000000000,0.0000138639,0.0000000000,0.0000000808
62,0,0.0070219025,0.0000000000,0.0000000000,0.0000000021,0.0000000000,0.0000367617,0.0000000000,0.0000003330
63,0,0.0089317744,0.0000000000,0.0000000000,0.0000000053,0.0000000000,0.0002206947,0.0000000000,0.0000003261
64,0,0.0120347008,0.0000000000,0.0000000000,0.0000000060,0.0000000001,0.0012844423,0.0000000000,0.0000039122
65,0,0.0187621506,0.0000000000,0.0000000000,0.0000000032,0.0000000039,0.0054617211,0.0000000000,0.0002082875
66,0,0.0327763936,0.0000000000,0.0000000000,0.0000000049,0.0000001296,0.0178053170,0.0000000000,0.0033565393
67,0,0.0577000208,0.0000000000,0.0000000000,0.0000002312,0.0000021011,0.0483759698,0.0000000000,0.0192477675
68,0,0.0948308936,0.0000000000,0.0000000000,0.0000067976,0.0000166325,0.1114348437,0.0000000000,0.0486489097
69,1,0.1409237604,0.0000000000,0.0000000000,0.0001058789,0.0000640643,0.2083957602,0.0000000000,0.0767516984
70,3,0.1878257285,0.0000000000,0.0000000000,0.0008506127,0.0001196513,0.3076349646,0.0000000000,0.1061304885
71,3,0.2250895880,0.0000000000,0.0000000000,0.0033984840,0.0001080021,0.3603429609,0.0000000000,0.1454917589
72,4,0.2445779937,0.0000000000,0.0000000000,0.0065523822,0.0000469789,0.3363324539,0.0000000000,0.1957513902
73,0,0.2441934326,0.0000000000,0.0000000000,0.0059806420,0.0000098251,0.2541523121,0.0000000000,0.1435612829
74,0,0.2282039962,0.0000000000,0.0000000000,0.0025570745,0.0000009913,0.1820657323,0.0000000000,0.0505745656
75,0,0.2041345901,0.0000000000,0.0000000000,0.0005100468,0.0000000597,0.1660111106,0.0000000000,0.0197566419
76,0,0.1786138363,0.0000000000,0.0000000000,0.0000480774,0.0000000158,0.1760058674,0.0000000000,0.0337995514
77,0,0.1548619216,0.0000000000,0.0000000000,0.0000028234,0.0000000167,0.1606896931,0.0000000000,0.0362434493
78,0,0.1328270474,0.0000000000,0.0000000000,0.0000013968,0.0000000255,0.1149981961,0.0000000000,0.0187146181
79,0,0.1110775545,0.0000000000,0.0000000000,0.0000025741,0.0000000278,0.0661108461,0.0000000000,0.0105925989
80,0,0.0887983388,0.0000000000,0.0000000000,0.0000028840,0.0000000174,0.0312997061,0.0000000000,0.0064465767
81,0,0.0666897667,0.0000000000,0.0000000000,0.0000015993,0.0000000075,0.0119153276,0.0000000000,0.0021117725
82,0,0.0465494559,0.0000000000,0.0000000000,0.0000004182,0.0000000026,0.0034569447,0.0000000000,0.0005299375
83,0,0.0301529189,0.0000000000,0.0000000000,0.0000000509,0.0000000006,0.0007271248,0.0000000000,0.0001234489
84,0,0.0183185721,0.0000000000,0.0000000000,0.0000000029,0.0000000001,0.0001117592,0.0000000000,0.0000106766
85,0,0.0106950574,0.0000000000,0.0000000000,0.0000000001,0.0000000000,0.0000187393,0.0000000000,0.0000002917
86,0,0.0061987711,0.0000000000,0.0000000000,0.0000000000,0.0000000000,0.0000074942,0.0000000000,0.0000000092
87,0,0.0036437911,0.0000000000,0.0000000000,0.0000000000,0.0000000000,0.0000035822,0.0000000000,0.0000000184
88,0,0.0021525433,0.0000000000,0.0000000000,0.0000000000,0.0000000000,0.0000011603,0.0000000000,0.0000000106
89,0,0.0012339757,0.0000000000,0.0000000000,0.0000000000,0.0000000000,0.0000002315,0.0000000000,0.0000000013
90,0,0.0096535708,0.0000000000,0.0000000000,0.0000000025,0.0000000000,0.0001166592,0.0000000000,0.0000001961
91,0,0.0141170125,0.0000000000,0.0000000000,0.0000000285,0.0000000000,0.0002375604,0.0000000000,0.0000044497
92,0,0.0182507495,0.0000000000,0.0000000000,0.0000001477,0.0000000002,0.0003500221,0.0000000000,0.0000218254
93,0,0.0214276434,0.0000000000,0.0000000000,0.0000003540,0.0000000004,0.0006703895,0.0000000000,0.0000236058
94,0,0.0244207681,0.0000000000,0.0000000000,0.0000003926,0.0000000007,0.0024171635,0.0000000000,0.0000201376
95,0,0.0302958807,0.0000000000,0.0000000000,0.0000002022,0.0000000174,0.0084142238,0.0000000000,0.0003684166
96,0,0.0443143096,0.0000000000,0.0000000000,0.0000000767,0.0000006228,0.0213544410,0.0000000000,0.0042881077
97,0,0.0723137512,0.0000000000,0.0000000000,0.0000012127,0.0000110927,0.0424733838,0.0000000000,0.0154134875
98,0,0.1177027764,0.0000000000,0.0000000000,0.0000287741,0.0000968022,0.0802702976,0.0000000000,0.0208665551
99,0,0.1782718093,0.0000000000,0.0000000000,0.0003597906,0.0004134710,0.1535407260,0.0000000000,0.0270299430
100,0,0.2449628909,0.0000000000,0.0000000000,0.0023697287,0.0008626261,0.2642932856,0.0000000000,0.0618005062
101,0,0.3043439840,0.0000000000,0.0000000000,0.0081215183,0.0008766024,0.3753575797,0.0000000000,0.1422907202
102,15,0.3442051563,0.0000000000,0.0000000000,0.0140561613,0.0004325389,0.4278604564,0.0000000000,0.2829374641
103,4,0.3589836901,0.0000000000,0.0000000000,0.0119087252,0.0001033984,0.3952666557,0.0000000000,0.3024995138
104,1,0.3513703241,0.0000000000,0.0000000000,0.0048375091,0.0000124148,0.3344880059,0.0000000000,0.1489700348
105,0,0.3292399783,0.0000000000,0.0000000000,0.0009496401,0.0000019391,0.3234382335,0.0000000000,0.0850780009
106,2,0.3005148268,0.0000000000,0.0000000000,0.0001099697,0.0000017024,0.3482420911,0.0000000000,0.1185264318
107,3,0.2695842058,0.0000000000,0.0000000000,0.0000289586,0.0000016592,0.3372490217,0.0000000000,0.1246703662
108,1,0.2370305078,0.0000000000,0.0000000000,0.0000394777,0.0000021777,0.2712374446,0.0000000000,0.0732816465
109,0,0.2018181351,0.0000000000,0.0000000000,0.0000618582,0.0000025652,0.1856885405,0.0000000000,0.0407913701
110,0,0.1638490136,0.0000000000,0.0000000000,0.0000630902,0.0000018641,0.1092924825,0.0000000000,0.0222787137
111,0,0.1251712483,0.0000000000,0.0000000000,0.0000335019,0.0000009563,0.0525669260,0.0000000000,0.0085556065
112,0,0.0893531694,0.0000000000,0.0000000000,0.0000085224,0.0000003929,0.0192505914,0.0000000000,0.0033209749
113,0,0.0597549943,0.0000000000,0.0000000000,0.0000010137,0.0000001049,0.0051240090,0.0000000000,0.0011390678
114,0,0.0380030293,0.0000000000,0.0000000000,0.0000000560,0.0000000149,0.0010559065,0.0000000000,0.0001592088
115,0,0.0236079213,0.0000000000,0.0000000000,0.0000000014,0.0000000011,0.0002844177,0.0000000000,0.0000074027
116,0,0.0147209677,0.0000000000,0.0000000000,0.0000000000,0.0000000001,0.0001570138,0.0000000000,0.0000007056
117,0,0.0092818006,0.0000000000,0.0000000000,0.0000000000,0.0000000000,0.0000866879,0.0000000000,0.0000020621
118,0,0.0057893817,0.0000000000,0.0000000000,0.0000000000,0.0000000000,0.0000323548,0.0000000000,0.0000014759
119,0,0.0034429651,0.0000000000,0.0000000000,0.0000000000,0.0000000000,0.0000075309,0.0000000000,0.0000002195
120,0,0.0218819055,0.0000000000,0.0000000000,0.0000000851,0.0000000005,0.0009831445,0.0000000000,0.0000026012
121,0,0.0317953619,0.0000000000,0.0000000000,0.0000009267,0.0000000056,0.0022807853,0.0000000000,0.0000693638
122,0,0.0406371743,0.0000000000,0.0000000000,0.0000046684,0.0000000321,0.0034864750,0.0000000000,0.0004016412
123,0,0.0462417626,0.0000000000,0.0000000000,0.0000108853,0.0000000876,0.0041858114,0.0000000000,0.0005080996
124,0,0.0485543883,0.0000000000,0.0000000000,0.0000117480,0.0000001145,0.0063723686,0.0000000000,0.0002360907
125,0,0.0511559786,0.0000000000,0.0000000000,0.0000058906,0.0000001051,0.0146121184,0.0000000000,0.0011969578
126,0,0.0611705278,0.0000000000,0.0000000000,0.0000016445,0.0000013877,0.0316499462,0.0000000000,0.0077078066
127,0,0.0870920196,0.0000000000,0.0000000000,0.0000044277,0.0000268489,0.0516532421,0.0000000000,0.0199051053
128,0,0.1349965137,0.0000000000,0.0000000000,0.0000737079,0.0002584776,0.0713646129,0.0000000000,0.0164821886
129,0,0.2045354769,0.0000000000,0.0000000000,0.0007619851,0.0012180025,0.1136970819,0.0000000000,0.0085982486
130,0,0.2869394320,0.0000000000,0.0000000000,0.0040910205,0.0028047122,0.2083468308,0.0000000000,0.0253540183
131,1,0.3670819326,0.0000000000,0.0000000000,0.0114133415,0.0031505637,0.3426142591,0.0000000000,0.0970251148
132,7,0.4294597282,0.0000000000,0.0000000000,0.0165690167,0.0017232987,0.4548423455,0.0000000000,0.2911864112
133,17,0.4647959475,0.0000000000,0.0000000000,0.0123547800,0.0004605233,0.4886497937,0.0000000000,0.3838293135
134,1,0.4729327510,0.0000000000,0.0000000000,0.0047653943,0.0000736745,0.4675063278,0.0000000000,0.2285626624
135,0,0.4603593759,0.0000000000,0.0000000000,0.0011867089,0.0000457309,0.4666635167,0.0000000000,0.2032126836
136,8,0.4348141922,0.0000000000,0.0000000000,0.0004432740,0.0000633263,0.4911254872,0.0000000000,0.2555537946
137,4,0.4010757478,0.0000000000,0.0000000000,0.0004216357,0.0000612316,0.4797282234,0.0000000000,0.2231952405
138,4,0.3602703682,0.0000000000,0.0000000000,0.0005981479,0.0000663923,0.4155855787,0.0000000000,0.1318713393
139,2,0.3120748382,0.0000000000,0.0000000000,0.0007496363,0.0000781589,0.3294223855,0.0000000000,0.0880076690
140,1,0.2575555676,0.0000000000,0.0000000000,0.0006683537,0.0000638200,0.2352456694,0.0000000000,0.0770560591
141,0,0.2005640587,0.0000000000,0.0000000000,0.0003350802,0.0000379510,0.1387536471,0.0000000000,0.0472272230
142,0,0.1468782628,0.0000000000,0.0000000000,0.0000827437,0.0000183181,0.0621910741,0.0000000000,0.0152920055
143,0,0.1018212842,0.0000000000,0.0000000000,0.0000096320,0.0000058030,0.0206449445,0.0000000000,0.0043225789
144,0,0.0680607292,0.0000000000,0.0000000000,0.0000005223,0.0000010021,0.0059064652,0.0000000000,0.0008612229
145,0,0.0450178048,0.0000000000,0.0000000000,0.0000000131,0.0000001036,0.0025081481,0.0000000000,0.0000628243
146,0,0.0300106128,0.0000000000,0.0000000000,0.0000000002,0.0000000125,0.0017287756,0.0000000000,0.0000158273
147,0,0.0200486759,0.0000000000,0.0000000000,0.0000000000,0.0000000022,0.0010720957,0.0000000000,0.0000565422
148,0,0.0130440430,0.0000000000,0.0000000000,0.0000000000,0.0000000003,0.0004552617,0.0000000000,0.0000502087
149,0,0.0079904419,0.0000000000,0.0000000000,0.0000000000,0.0000000000,0.0001225010,0.0000000000,0.0000093123
150,0,0.0421096002,0.0000000000,0.0000000000,0.0000013081,0.0000000265,0.0046544619,0.0000000000,0.0000104398
151,0,0.0605318623,0.0000000000,0.0000000000,0.0000138270,0.0000002763,0.0117336685,0.0000000000,0.0003169313
152,0,0.0766880859,0.0000000000,0.0000000000,0.0000677206,0.0000017836,0.0199515993,0.0000000000,0.0021501075
153,0,0.0860622569,0.0000000000,0.0000000000,0.0001535807,0.0000056988,0.0241657112,0.0000000000,0.0032122276
154,0,0.0871839493,0.0000000000,0.0000000000,0.0001612574,0.0000087249,0.0259122802,0.0000000000,0.0013716284
155,0,0.0839276918,0.0000000000,0.0000000000,0.0000788968,0.0000064299,0.0334514425,0.0000000000,0.0032677632
156,0,0.0852923075,0.0000000000,0.0000000000,0.0000227437,0.0000044231,0.0516857778,0.0000000000,0.0145304299
157,0,0.1024618769,0.0000000000,0.0000000000,0.0000283301,0.0000452260,0.0744475171,0.0000000000,0.0281291144
158,0,0.1442817233,0.0000000000,0.0000000000,0.0001432550,0.0004632551,0.0916915772,0.0000000000,0.0212290990
159,0,0.2128198108,0.0000000000,0.0000000000,0.0009742708,0.0023897972,0.1197550049,0.0000000000,0.0076479143
160,0,0.3009573150,0.0000000000,0.0000000000,0.0043591169,0.0060979076,0.1988163778,0.0000000000,0.0164808033
161,0,0.3938501056,0.0000000000,0.0000000000,0.0102508255,0.0076370720,0.3322294111,0.0000000000,0.0867424006
162,21,0.4744739806,0.0000000000,0.0000000000,0.0126124870,0.0046714306,0.4622297145,0.0000000000,0.3156758041
163,21,0.5305097078,0.0000000000,0.0000000000,0.0086439165,0.0014198404,0.5299012386,0.0000000000,0.4675283527
164,1,0.5582532484,0.0000000000,0.0000000000,0.0042973968,0.0003555382,0.5439550379,0.0000000000,0.3308691950
165,8,0.5612774416,0.0000000000,0.0000000000,0.0028083655,0.0004759767,0.5571533784,0.0000000000,0.3450045198
166,1,0.5456281708,0.0000000000,0.0000000000,0.0026194188,0.0007859293,0.5744684425,0.0000000000,0.4132720322
167,3,0.5155336346,0.0000000000,0.0000000000,0.0035358964,0.0008227750,0.5545644884,0.0000000000,0.3351343534
168,2,0.4723160828,0.0000000000,0.0000000000,0.0047285433,0.0007823842,0.4981354054,0.0000000000,0.1983962894
169,4,0.4163294875,0.0000000000,0.0000000000,0.0047230431,0.0008439078,0.4365674969,0.0000000000,0.1632764462
170,12,0.3498138018,0.0000000000,0.0000000000,0.0035223492,0.0007307323,0.3594260359,0.0000000000,0.2073369894
171,10,0.2783569642,0.0000000000,0.0000000000,0.0016297334,0.0004829887,0.2469167878,0.0000000000,0.1661098357
172,0,0.2098087563,0.0000000000,0.0000000000,0.0003885717,0.0002687201,0.1298353582,0.0000000000,0.0495897999
173,0,0.1513115943,0.0000000000,0.0000000000,0.0000442883,0.0001034506,0.0529779243,0.0000000000,0.0084367913
174,0,0.1065004480,0.0000000000,0.0000000000,0.0000023610,0.0000242459,0.0213454481,0.0000000000,0.0017899416
175,0,0.0747570363,0.0000000000,0.0000000000,0.0000000585,0.0000046777,0.0128663645,0.0000000000,0.0002819384
176,0,0.0527558968,0.0000000000,0.0000000000,0.0000000007,0.0000012517,0.0101280015,0.0000000000,0.0001359222
177,0,0.0368783034,0.0000000000,0.0000000000,0.0000000000,0.0000003626,0.0068792916,0.0000000000,0.0003910440
178,0,0.0247970399,0.0000000000,0.0000000000,0.0000000000,0.0000000921,0.0032804265,0.0000000000,0.0004176696
179,0,0.0156055649,0.0000000000,0.0000000000,0.0000000000,0.0000000180,0.0010112566,0.0000000000,0.0000963847
180,0,0.0702882732,0.0000000000,0.0000000000,0.0000093976,0.0000009484,0.0154868636,0.0000000000,0.0000451400
181,0,0.0989701104,0.0000000000,0.0000000000,0.0000954224,0.0000051850,0.0364529535,0.0000000000,0.0006085286
182,0,0.1236749253,0.0000000000,0.0000000000,0.0004522158,0.0000312873,0.0647590470,0.0000000000,0.0038594617
183,0,0.1373118586,0.0000000000,0.0000000000,0.0009954467,0.0001138468,0.0841560662,0.0000000000,0.0067163164
184,0,0.1368899249,0.0000000000,0.0000000000,0.0010160198,0.0002041777,0.0885862938,0.0000000000,0.0042350520
185,0,0.1264240000,0.0000000000,0.0000000000,0.0004860998,0.0001754972,0.0917557626,0.0000000000,0.0095301323
186,0,0.1163873717,0.0000000000,0.0000000000,0.0001590644,0.0000762915,0.1020897666,0.0000000000,0.0251950854
187,0,0.1199905730,0.0000000000,0.0000000000,0.0002424035,0.0000894348,0.1152917359,0.0000000000,0.0323230400
188,2,0.1482386632,0.0000000000,0.0000000000,0.0005671682,0.0007134497,0.1277242705,0.0000000000,0.0198644369
189,0,0.2056222557,0.0000000000,0.0000000000,0.0012426768,0.0035905793,0.1529191909,0.0000000000,0.0072449786
190,0,0.2877189179,0.0000000000,0.0000000000,0.0031382246,0.0093909513,0.2273276410,0.0000000000,0.0215930623
191,3,0.3819029172,0.0000000000,0.0000000000,0.0062050648,0.0125146887,0.3625141121,0.0000000000,0.1282015668
192,8,0.4716795890,0.0000000000,0.0000000000,0.0081201623,0.0084514346,0.4998809586,0.0000000000,0.3703122638
193,34,0.5429585299,0.0000000000,0.0000000000,0.0080871949,0.0031149466,0.5717703432,0.0000000000,0.5019173455
194,3,0.5886289339,0.0000000000,0.0000000000,0.0077596208,0.0013360886,0.5887009864,0.0000000000,0.4126724560
195,29,0.6087087513,0.0000000000,0.0000000000,0.0079007273,0.0020435844,0.6027960852,0.0000000000,0.4919181815
196,32,0.6067472122,0.0000000000,0.0000000000,0.0094059513,0.0034580580,0.6195605946,0.0000000000,0.5840801261
197,13,0.5858053527,0.0000000000,0.0000000000,0.0150986605,0.0040048190,0.6047637964,0.0000000000,0.5428624108
198,19,0.5469712515,0.0000000000,0.0000000000,0.0191402488,0.0036982429,0.5561811201,0.0000000000,0.3990572779
199,7,0.4908996568,0.0000000000,0.0000000000,0.0157341247,0.0035121124,0.5043547945,0.0000000000,0.3279358684
200,10,0.4205714633,0.0000000000,0.0000000001,0.0095280003,0.0029882322,0.4404618415,0.0000000000,0.3526617764
201,3,0.3427419740,0.0000000000,0.0000000001,0.0039456490,0.0020708553,0.3310033835,0.0000000000,0.2811202922
202,0,0.2666131166,0.0000000000,0.0000000000,0.0008995332,0.0013278478,0.1973626687,0.0000000000,0.0905157655
203,0,0.2004217477,0.0000000000,0.0000000000,0.0001003370,0.0007050085,0.0982136812,0.0000000000,0.0132028054
204,0,0.1483162199,0.0000000000,0.0000000000,0.0000052728,0.0002901997,0.0531393322,0.0000000000,0.0033264065
205,0,0.1096590297,0.0000000000,0.0000000000,0.0000001292,0.0001128930,0.0390627711,0.0000000000,0.0013929885
206,0,0.0809322360,0.0000000000,0.0000000000,0.0000000015,0.0000486928,0.0325047866,0.0000000000,0.0007033199
207,0,0.0585240834,0.0000000000,0.0000000000,0.0000000000,0.0000221540,0.0234843143,0.0000000000,0.0008165693
208,0,0.0404312475,0.0000000000,0.0000000000,0.0000000000,0.0000091146,0.0123935267,0.0000000000,0.0008646081
209,0,0.0262109382,0.0000000000,0.0000000000,0.0000000006,0.0000024584,0.0043502226,0.0000000000,0.0002437577
210,0,0.1045912585,0.0000000000,0.0000000000,0.0000351667,0.0000217283,0.0465827105,0.0000000000,0.0011341580
211,0,0.1422041719,0.0000000000,0.0000000000,0.0003196283,0.0000638220,0.0867849911,0.0000000001,0.0046921686
212,0,0.1735316705,0.0000000000,0.0000000000,0.0014199017,0.0002062220,0.1386888065,0.0000000003,0.0117873976
213,18,0.1898201195,0.0000000000,0.0000000000,0.0029917082,0.0007158104,0.1796707692,0.0000000005,0.0152178187
214,0,0.1874433897,0.0000000000,0.0000000000,0.0029505042,0.0014671037,0.1941022486,0.0000000005,0.0139116868
215,0,0.1707430022,0.0000000000,0.0000000000,0.0013826908,0.0014771970,0.1960559755,0.0000000003,0.0330001157
216,2,0.1508649900,0.0000000000,0.0000000000,0.0005538258,0.0007239997,0.1953863504,0.0000000001,0.0694655517
217,2,0.1415685107,0.0000000000,0.0000000000,0.0011251789,0.0003314432,0.1844781701,0.0000000000,0.0631464430
218,0,0.1545650061,0.0000000000,0.0000000000,0.0023716550,0.0012394004,0.1718128493,0.0000000000,0.0239760418
219,0,0.1960268496,0.0000000000,0.0000000000,0.0032718730,0.0049777542,0.1837924435,0.0000000000,0.0054980840
220,0,0.2645478989,0.0000000000,0.0000000000,0.0036666694,0.0115102520,0.2494565549,0.0000000000,0.0199510233
221,5,0.3509564792,0.0000000000,0.0000000000,0.0044316428,0.0151559184,0.3811278549,0.0000000000,0.1422785908
222,7,0.4408787835,0.0000000000,0.0000000000,0.0074080240,0.0117199828,0.5312095569,0.0000000000,0.4140132904
223,34,0.5197661026,0.0000000000,0.0000000000,0.0114456392,0.0065445336,0.6158265968,0.0000000000,0.5220821709
224,25,0.5778295777,0.0000000000,0.0000000000,0.0129546507,0.0047233455,0.6227904044,0.0000000000,0.4141670339
225,51,0.6117952888,0.0000000000,0.0000000000,0.0130807200,0.0053490037,0.6141414448,0.0000000000,0.5172700522
226,29,0.6227704538,0.0000000000,0.0000000001,0.0179943508,0.0068050691,0.6208949795,0.0000000000,0.6422137301
227,97,0.6126007788,0.0000000000,0.0000000005,0.0321769697,0.0076443163,0.6195000156,0.0000000000,0.6850428647
228,98,0.5819584886,0.0000000000,0.0000000017,0.0390183624,0.0071167261,0.5855449246,0.0000000000,0.6551056569
229,24,0.5314699094,0.0000000000,0.0000000115,0.0277686424,0.0060787753,0.5269829559,0.0000000000,0.5366156165
230,11,0.4643778382,0.0000000000,0.0000000245,0.0137600356,0.0047504793,0.4540656224,0.0000000000,0.4124834333
231,1,0.3879025018,0.0000000000,0.0000000111,0.0049925453,0.0033190385,0.3552300623,0.0000000000,0.2600536921
232,1,0.3116299922,0.0000000000,0.0000000010,0.0010843398,0.0028032140,0.2386993876,0.0000000000,0.0896931152
233,1,0.2438636321,0.0000000000,0.0000000000,0.0001197142,0.0027127679,0.1458713652,0.0000000000,0.0199072888
234,0,0.1886075952,0.0000000000,0.0000000000,0.0000063318,0.0020675142,0.0979950271,0.0000000000,0.0084941355
235,0,0.1452299399,0.0000000000,0.0000000000,0.0000001581,0.0011838117,0.0771816824,0.0000000000,0.0039933074
236,0,0.1106240697,0.0000000000,0.0000000000,0.0000000019,0.0006999915,0.0625587612,0.0000000000,0.0018222383
237,1,0.0819412930,0.0000000000,0.0000000000,0.0000000000,0.0005145204,0.0455590943,0.0000000000,0.0009918254
238,0,0.0580227706,0.0000000000,0.0000000000,0.0000000012,0.0003115018,0.0259442506,0.0000000000,0.0005316210
239,0,0.0390673654,0.0000000000,0.0000000000,0.0000000267,0.0001065510,0.0104242407,0.0000000000,0.0001561250
240,0,0.1427756658,0.0000000000,0.0000000000,0.0001085749,0.0002154322,0.1207034251,0.0000000001,0.0147431471
241,0,0.1844945640,0.0000000000,0.0000000000,0.0006771119,0.0005625183,0.1828220205,0.0000000018,0.0414674163
242,0,0.2170109457,0.0000000000,0.0000000000,0.0023922623,0.0009069073,0.2393248135,0.0000000140,0.0751481676
243,1,0.2318942466,0.0000000000,0.0000000000,0.0044322612,0.0016754137,0.2721673551,0.0000000587,0.0741659039
244,0,0.2267137136,0.0000000000,0.0000000000,0.0040592338,0.0033107619,0.2789776522,0.0000001292,0.0475546178
245,0,0.2067638376,0.0000000000,0.0000000000,0.0018432671,0.0038185026,0.2797323583,0.0000001494,0.0629628001
246,0,0.1829410079,0.0000000000,0.0000000000,0.0009678495,0.0021847138,0.2775276699,0.0000000907,0.1185764410
247,5,0.1676258934,0.0000000000,0.0000000000,0.0024547277,0.0009568699,0.2494744992,0.0000000289,0.1071907825
248,2,0.1712360064,0.0000000000,0.0000000000,0.0050553201,0.0026790994,0.2054817455,0.0000000049,0.0377768662
249,0,0.2002609771,0.0000000000,0.0000000000,0.0065558139,0.0094347873,0.1924564484,0.0000000004,0.0055434677
250,0,0.2558354455,0.0000000000,0.0000000000,0.0062269659,0.0192231965,0.2414112571,0.0000000000,0.0102415116
251,1,0.3325413216,0.0000000000,0.0000000000,0.0055218153,0.0259808969,0.3564730162,0.0000000000,0.0883558975
252,16,0.4188650467,0.0000000000,0.0000000000,0.0085537675,0.0265265948,0.5068962584,0.0000000000,0.3254765848
253,40,0.5005796299,0.0000000000,0.0000000001,0.0136837780,0.0210552158,0.6137078871,0.0000000000,0.4800334476
254,4,0.5657960172,0.0000000000,0.0000000012,0.0141235321,0.0153070460,0.6265472646,0.0000000000,0.3540209976
255,16,0.6083724607,0.0000000000,0.0000000075,0.0124621963,0.0124416585,0.5909340047,0.0000000000,0.3590385185
256,8,0.6274467179,0.0000000000,0.0000000598,0.0183150986,0.0106828685,0.5693879923,0.0000000000,0.4875067312
257,56,0.6242528563,0.0000000000,0.0000002128,0.0343784599,0.0085845481,0.5660292444,0.0000000000,0.5810233945
258,89,0.5996477731,0.0000000000,0.0000007059,0.0402537110,0.0067880124,0.5477274575,0.0000000000,0.6324670551
259,28,0.5545995831,0.0000000000,0.0000029626,0.0265071996,0.0055192903,0.4922636430,0.0000000000,0.5304683645
260,7,0.4925661863,0.0000000000,0.0000031549,0.0118907132,0.0039914899,0.4119851485,0.0000000000,0.3289796312
261,0,0.4206828742,0.0000000000,0.0000007055,0.0041604439,0.0028162629,0.3282449837,0.0000000000,0.1467533900
262,1,0.3479639932,0.0000000000,0.0000000329,0.0009491728,0.0038586179,0.2507997893,0.0000000000,0.0480942358
263,1,0.2817691521,0.0000000000,0.0000000003,0.0001159216,0.0064433178,0.1899319174,0.0000000000,0.0189415503
264,0,0.2253705187,0.0000000000,0.0000000000,0.0000070504,0.0067527034,0.1516053882,0.0000000000,0.0113473959
265,0,0.1782408310,0.0000000000,0.0000000000,0.0000002108,0.0046417965,0.1230235604,0.0000000000,0.0053303983
266,0,0.1382916618,0.0000000000,0.0000000000,0.0000000031,0.0037728404,0.0926111185,0.0000000000,0.0020813317
267,0,0.1040741392,0.0000000000,0.0000000000,0.0000000006,0.0043024964,0.0625107544,0.0000000000,0.0010426428
268,0,0.0755534274,0.0000000000,0.0000000000,0.0000000253,0.0034542402,0.0361815199,0.0000000000,0.0003709051
269,0,0.0534396868,0.0000000000,0.0000000000,0.0000005594,0.0014347935,0.0171787068,0.0000000000,0.0000858240
270,0,0.1828561535,0.0000000000,0.0000000000,0.0004244401,0.0011696110,0.2315761679,0.0000000002,0.0743574267
271,1,0.2219666470,0.0000000000,0.0000000000,0.0016109115,0.0029634396,0.3127464801,0.0000000072,0.1553089038
272,3,0.2486511395,0.0000000000,0.0000000000,0.0034953561,0.0038238327,0.3486630706,0.0000001239,0.2088956488
273,2,0.2570569305,0.0000000000,0.0000000000,0.0043883120,0.0030344866,0.3319042313,0.0000011229,0.1709556219
274,1,0.2479049971,0.0000000000,0.0000000000,0.0031100731,0.0028522498,0.2901344327,0.0000053431,0.0823832167
275,0,0.2281910853,0.0000000000,0.0000000000,0.0012460640,0.0031221804,0.2665993509,0.0000133475,0.0587840216
276,0,0.2078945545,0.0000000000,0.0000000000,0.0008710494,0.0021329405,0.2678389268,0.0000175064,0.0973253320
277,5,0.1964522792,0.0000000000,0.0000000000,0.0026043973,0.0012965511,0.2522488587,0.0000120595,0.0965238413
278,0,0.2012479703,0.0000000000,0.0000000000,0.0054501915,0.0034943808,0.2067628416,0.0000043693,0.0390577444
279,2,0.2276455091,0.0000000000,0.0000000000,0.0074227007,0.0124007500,0.1816607379,0.0000008378,0.0078659527
280,0,0.2783505546,0.0000000000,0.0000000000,0.0076906813,0.0265760387,0.2215451987,0.0000000872,0.0058577790
281,0,0.3512189998,0.0000000000,0.0000000000,0.0071148470,0.0385128767,0.3265555888,0.0000000054,0.0359583937
282,19,0.4374647168,0.0000000000,0.0000000014,0.0101335053,0.0449973685,0.4706280493,0.0000000003,0.1700332765
283,10,0.5230789115,0.0000000000,0.0000000581,0.0151936043,0.0396288362,0.5936350148,0.0000000000,0.3704217285
284,7,0.5937663128,0.0000000000,0.0000005348,0.0142398640,0.0269371673,0.6274104675,0.0000000000,0.3464233190
285,3,0.6402214267,0.0000000000,0.0000026897,0.0103792973,0.0189849121,0.5822393977,0.0000000000,0.2379638600
286,3,0.6599096895,0.0000000000,0.0000147863,0.0126028013,0.0150270401,0.5292556213,0.0000000000,0.2273336334
287,6,0.6547065093,0.0000000000,0.0000308478,0.0214763097,0.0102121510,0.5029158594,0.0000000000,0.2757325424
288,20,0.6275211019,0.0000000000,0.0000952392,0.0241588709,0.0066958239,0.4842576880,0.0000000000,0.3420316927
289,8,0.5812841979,0.0000000000,0.0002211529,0.0166513308,0.0071152643,0.4406727641,0.0000000000,0.3378845636
290,4,0.5203175892,0.0000000000,0.0001168938,0.0093032661,0.0071014792,0.3691966092,0.0000000000,0.2130929473
291,0,0.4512448711,0.0000000000,0.0000129333,0.0044075705,0.0046960427,0.2997519942,0.0000000000,0.0767904859
292,0,0.3814866343,0.0000000000,0.0000002986,0.0012965659,0.0043270774,0.2532541266,0.0000000000,0.0246384617
293,1,0.3165104337,0.0000000000,0.0000000014,0.0001977121,0.0071584868,0.2265409666,0.0000000000,0.0156857798
294,0,0.2584409512,0.0000000000,0.0000000000,0.0000149690,0.0084368890,0.2084383829,0.0000000000,0.0118235168
295,0,0.2070349558,0.0000000000,0.0000000000,0.0000005626,0.0066704676,0.1829457179,0.0000000000,0.0052308034
296,0,0.1617140785,0.0000000000,0.0000000000,0.0000000108,0.0075244014,0.1401007387,0.0000000000,0.0016845762
297,0,0.1228291706,0.0000000000,0.0000000000,0.0000000055,0.0120614509,0.0909246486,0.0000000000,0.0009845449
298,0,0.0915047634,0.0000000000,0.0000000000,0.0000002503,0.0120195219,0.0516188660,0.0000000000,0.0006651152
299,0,0.0686203859,0.0000000000,0.0000000000,0.0000053789,0.0059502312,0.0291001250,0.0000000000,0.0003380328
300,1,0.2219172629,0.0000000000,0.0000000000,0.0014477083,0.0041868474,0.3221030492,0.0000000001,0.1684984976
301,4,0.2527702480,0.0000000000,0.0000000000,0.0039762926,0.0108383524,0.4082528010,0.0000000048,0.2729220187
302,9,0.2683844671,0.0000000000,0.0000000000,0.0059495920,0.0136897782,0.4072305184,0.0000001795,0.2511569814
303,1,0.2669773259,0.0000000000,0.0000000000,0.0048492971,0.0085597099,0.3333939247,0.0000035149,0.1521498000
304,0,0.2534118176,0.0000000000,0.0000000000,0.0021771550,0.0030080575,0.2400737560,0.0000361390,0.0571235510
305,0,0.2366491395,0.0000000000,0.0000000000,0.0005998743,0.0012896305,0.1812506522,0.0001950733,0.0228408790
306,0,0.2254749570,0.0000000000,0.0000000000,0.0005423948,0.0018139770,0.1750957859,0.0005528342,0.0374285280
307,0,0.2258751670,0.0000000000,0.0000000000,0.0020674551,0.0041901033,0.1866652482,0.0008227373,0.0549063045
308,20,0.2415726885,0.0000000000,0.0000000000,0.0050633371,0.0072688068,0.1799868175,0.0006435752,0.0424068875
309,0,0.2759866089,0.0000000000,0.0000000000,0.0081171829,0.0106662831,0.1776958387,0.0002656699,0.0249894024
310,2,0.3324124977,0.0000000000,0.0000000000,0.0095797718,0.0172268602,0.2257277887,0.0000588677,0.0201876428
311,9,0.4110637608,0.0000000000,0.0000000077,0.0096650913,0.0262278285,0.3322735693,0.0000074904,0.0661836156
312,1,0.5051536371,0.0000000000,0.0000007313,0.0132663972,0.0347062115,0.4726412757,0.0000006674,0.1759741077
313,29,0.6001120178,0.0000000000,0.0000147205,0.0198771544,0.0339762202,0.6017151566,0.0000000527,0.3987175966
314,71,0.6781156018,0.0000000000,0.0000756394,0.0217233994,0.0235973081,0.6596103063,0.0000000033,0.5341976370
315,29,0.7255345599,0.0000000000,0.0003281064,0.0190458772,0.0156552549,0.6338083944,0.0000000001,0.4525362361
316,9,0.7379280934,0.0000000000,0.0010891539,0.0178301760,0.0120821010,0.5779485444,0.0000000000,0.2898394256
317,1,0.7192637845,0.0000000000,0.0015094077,0.0197469053,0.0087794889,0.5314787290,0.0000000000,0.2079071475
318,1,0.6772595304,0.0000000000,0.0039715733,0.0182257907,0.0077011522,0.4898123233,0.0000000000,0.2022830510
319,3,0.6194775504,0.0000000000,0.0047741707,0.0130418542,0.0132960176,0.4364676623,0.0000000000,0.2541127452
320,4,0.5523970559,0.0000000000,0.0012485696,0.0096497197,0.0180343070,0.3666975030,0.0000000000,0.2142177684
321,0,0.4818289155,0.0000000000,0.0000683191,0.0059562037,0.0128168177,0.2987713242,0.0000000000,0.0813418441
322,0,0.4124886978,0.0000000000,0.0000007803,0.0021010519,0.0057567812,0.2557809923,0.0000000000,0.0232221151
323,0,0.3469930063,0.0000000000,0.0000000019,0.0003783990,0.0041031802,0.2406377161,0.0000000000,0.0177417379
324,0,0.2859627203,0.0000000000,0.0000000000,0.0000346199,0.0044888986,0.2388139194,0.0000000000,0.0194667017
325,1,0.2295653152,0.0000000000,0.0000000000,0.0000016654,0.0040852053,0.2295431391,0.0000000000,0.0098976506
326,1,0.1790010607,0.0000000000,0.0000000000,0.0000000478,0.0055867444,0.1954709335,0.0000000000,0.0040711242
327,2,0.1365612442,0.0000000000,0.0000000000,0.0000000262,0.0108978711,0.1395056475,0.0000000000,0.0024698125
328,0,0.1044162299,0.0000000000,0.0000000000,0.0000011345,0.0129471057,0.0841329305,0.0000000000,0.0011263019
329,0,0.0832431890,0.0000000000,0.0000000000,0.0000237218,0.0075845191,0.0514873854,0.0000000000,0.0007495602
330,2,0.2542565758,0.0000000000,0.0000000000,0.0037180631,0.0067216152,0.3452132184,0.0000000000,0.2267962071
331,3,0.2750574194,0.0000000000,0.0000000000,0.0075322275,0.0189033204,0.4210578093,0.0000000005,0.3050135808
332,5,0.2790774302,0.0000000000,0.0000000000,0.0082770945,0.0263231726,0.3887307288,0.0000000425,0.1820042507
333,0,0.2687234279,0.0000000000,0.0000000000,0.0049920355,0.0177608386,0.2843988761,0.0000017999,0.0619256062
334,0,0.2524552405,0.0000000000,0.0000000000,0.0016326946,0.0058371504,0.1758966973,0.0000399895,0.0154551910
335,0,0.2405705692,0.0000000000,0.0000000000,0.0003396802,0.0015286693,0.1084062138,0.0004664290,0.0036212174
336,0,0.2405794212,0.0000000000,0.0000000000,0.0006144124,0.0044706368,0.0963541890,0.0028562133,0.0069378478
337,0,0.2555934262,0.0000000000,0.0000000000,0.0030291084,0.0160409835,0.1223042233,0.0091837916,0.0209809162
338,0,0.2863857392,0.0000000000,0.0000000000,0.0081968969,0.0285086552,0.1561526960,0.0155145974,0.0365177966
339,0,0.3345818699,0.0000000000,0.0000000000,0.0129261726,0.0255583783,0.1969751875,0.0138061184,0.0432445675
340,0,0.4034287132,0.0000000000,0.0000000100,0.0141319598,0.0146619222,0.2712117007,0.0065442085,0.0628906131
341,13,0.4944807098,0.0000000000,0.0000022650,0.0158318004,0.0127684587,0.3867616624,0.0017300261,0.1851638628
342,34,0.6021190500,0.0000000000,0.0001070384,0.0252180185,0.0193588519,0.5225198236,0.0002976808,0.3322768240
343,44,0.7106475630,0.0000000000,0.0010853484,0.0400710804,0.0232379349,0.6444039016,0.0000434594,0.4242865130
344,88,0.7980246004,0.0000000000,0.0035284610,0.0528845181,0.0204311384,0.7118813193,0.0000054395,0.5439280108
345,83,0.8453246140,0.0000000000,0.0129831812,0.0554188784,0.0167199081,0.7139242890,0.0000004541,0.6544745632
346,82,0.8455433726,0.0000000000,0.0241809275,0.0485726731,0.0133564579,0.6848382946,0.0000000218,0.6030840430
347,55,0.8052717134,0.0000000000,0.0267496353,0.0413587382,0.0102296397,0.6431901224,0.0000000006,0.4854697738
348,43,0.7388960114,0.0000000000,0.0500161545,0.0297019326,0.0089253182,0.5745040484,0.0000000000,0.3450160400
349,3,0.6608710844,0.0000000000,0.0300299159,0.0162255094,0.0134098092,0.4815710083,0.0000000000,0.2281177742
350,104,0.5812865689,0.0000000000,0.0038732156,0.0099760935,0.0196757570,0.3873850847,0.0000000000,0.1556962025
351,0,0.5053192977,0.0000000000,0.0001046949,0.0066203522,0.0159611398,0.3085525525,0.0000000000,0.0611991090
352,0,0.4343583646,0.0000000000,0.0000005911,0.0028018545,0.0066806381,0.2560946484,0.0000000000,0.0186519574
353,0,0.3675024710,0.0000000000,0.0000000007,0.0006375027,0.0021546390,0.2335781786,0.0000000000,0.0193575477
354,0,0.3035181177,0.0000000000,0.0000000000,0.0000791143,0.0017233841,0.2301479084,0.0000000000,0.0279749367
355,0,0.2428518999,0.0000000000,0.0000000000,0.0000062137,0.0019568436,0.2283852018,0.0000000000,0.0205276250
356,0,0.1883662680,0.0000000000,0.0000000000,0.0000003938,0.0021240155,0.2112891369,0.0000000000,0.0168497798
357,0,0.1441176846,0.0000000000,0.0000000000,0.0000000724,0.0033543049,0.1691217996,0.0000000000,0.0113850669
358,0,0.1130927838,0.0000000000,0.0000000000,0.0000023591,0.0043994456,0.1127990340,0.0000000000,0.0029385661
359,0,0.0954767588,0.0000000000,0.0000000000,0.0000479843,0.0030639531,0.0713841273,0.0000000000,0.0007914645
360,1,0.2714307738,0.0000000000,0.0000000000,0.0079119265,0.0054862753,0.3117557992,0.0000000000,0.2175964674
361,5,0.2852304540,0.0000000000,0.0000000000,0.0119964803,0.0129521318,0.3718464953,0.0000000000,0.2754162682
362,0,0.2825950836,0.0000000000,0.0000000000,0.0094224030,0.0187220990,0.3298557200,0.0000000016,0.1231782598
363,0,0.2689081252,0.0000000000,0.0000000000,0.0039897573,0.0141338413,0.2294711276,0.0000001508,0.0218984303
364,0,0.2544091120,0.0000000000,0.0000000000,0.0009444114,0.0053509183,0.1376649930,0.0000072402,0.0026694088
365,0,0.2493390713,0.0000000000,0.0000000000,0.0002004738,0.0016203230,0.0882220867,0.0001824746,0.0016199964
366,0,0.2597805621,0.0000000000,0.0000000000,0.0008304947,0.0050033291,0.0881555040,0.0024144252,0.0031509389
367,0,0.2870551537,0.0000000000,0.0000000000,0.0043558691,0.0207705347,0.1268260980,0.0167735306,0.0084128197
368,1,0.3304801687,0.0000000000,0.0000000000,0.0119728077,0.0427277464,0.1844019202,0.0612073339,0.0233466587
369,0,0.3907422024,0.0000000000,0.0000000032,0.0186290812,0.0425138051,0.2539969546,0.1175115839,0.0568529399
370,8,0.4707703997,0.0000000000,0.0000017201,0.0213407847,0.0222814788,0.3487958930,0.1195682285,0.1559784654
371,26,0.5725519442,0.0000000000,0.0001925465,0.0328919197,0.0132683334,0.4736594987,0.0664917937,0.3830643673
372,41,0.6911561541,0.0000000000,0.0045152046,0.0651331485,0.0220370544,0.6095174034,0.0226441557,0.5537882992
373,38,0.8103810747,0.0000000000,0.0237265574,0.1095561482,0.0361034385,0.7268411706,0.0061096863,0.4736526341
374,720,0.9052583340,0.0000000000,0.0581904246,0.1557296858,0.0446165344,0.7952319739,0.0014801768,0.3884201956
375,86,0.9523569448,0.0000000000,0.1600870012,0.1715940490,0.0423731675,0.8082626865,0.0002573881,0.5352453281
376,69,0.9416322510,0.0000000000,0.1739054868,0.1389142101,0.0323846837,0.7937129582,0.0000265057,0.7073992166
377,72,0.8809393919,0.0000000000,0.1810710905,0.0927418046,0.0234533553,0.7572024960,0.0000015184,0.7466456428
378,71,0.7901883364,0.0000000000,0.1958319748,0.0519732310,0.0166491695,0.6671968860,0.0000000476,0.5344445475
379,10,0.6905488802,0.0000000000,0.0572105888,0.0221295059,0.0133145632,0.5298000611,0.0000000008,0.1988518566
380,2,0.5964069708,0.0000000000,0.0036174190,0.0100165742,0.0148487335,0.3995241008,0.0000000000,0.0656654307
381,6,0.5132593432,0.0000000000,0.0000481569,0.0067030525,0.0139398088,0.3080109854,0.0000000000,0.0326694859
382,0,0.4399017397,0.0000000000,0.0000001341,0.0035167994,0.0076278316,0.2526209426,0.0000000000,0.0194274038
383,1,0.3722484364,0.0000000000,0.0000000001,0.0010799055,0.0023210572,0.2247302312,0.0000000000,0.0257912358
384,0,0.3071376122,0.0000000000,0.0000000000,0.0002195430,0.0007616559,0.2118128474,0.0000000000,0.0390787365
385,0,0.2448716142,0.0000000000,0.0000000000,0.0000352387,0.0007637422,0.2013723033,0.0000000000,0.0383333742
386,0,0.1893545275,0.0000000000,0.0000000000,0.0000038360,0.0006989890,0.1852401161,0.0000000000,0.0451077163
387,0,0.1458134493,0.0000000000,0.0000000000,0.0000002749,0.0006502447,0.1557409171,0.0000000000,0.0310640842
388,0,0.1176410186,0.0000000000,0.0000000000,0.0000022553,0.0009259064,0.1137502595,0.0000000000,0.0066660967
389,0,0.1043294629,0.0000000000,0.0000000000,0.0000445200,0.0009805754,0.0773944966,0.0000000000,0.0006179923
390,0,0.2663072115,0.0000000000,0.0000000000,0.0129622643,0.0058148792,0.2541364088,0.0000000000,0.1612863820
391,10,0.2793699682,0.0000000000,0.0000000000,0.0162195234,0.0072551321,0.3066918969,0.0000000000,0.2267499718
392,1,0.2784269588,0.0000000000,0.0000000000,0.0099630629,0.0066178303,0.2797321937,0.0000000000,0.1050363582
393,1,0.2698370735,0.0000000000,0.0000000000,0.0030651381,0.0044938493,0.2058307813,0.0000000021,0.0184564108
394,0,0.2633031052,0.0000000000,0.0000000000,0.0004929722,0.0026013058,0.1414313014,0.0000002150,0.0038023110
395,0,0.2673770672,0.0000000000,0.0000000000,0.0001057678,0.0022024037,0.1138587086,0.0000117035,0.0084428091
396,0,0.2864150420,0.0000000000,0.0000000000,0.0006948208,0.0031217790,0.1285522271,0.0003344973,0.0151149319
397,0,0.3208979070,0.0000000000,0.0000000000,0.0039535352,0.0088633648,0.1804818835,0.0050196762,0.0181251845
398,7,0.3701447930,0.0000000000,0.0000000003,0.0121441685,0.0201798538,0.2578850476,0.0395611533,0.0452774287
399,9,0.4349057303,0.0000000000,0.0000003202,0.0223025005,0.0238109553,0.3486389870,0.1639237906,0.1501237224
400,17,0.5177772746,0.0000000000,0.0000849910,0.0333014006,0.0172256495,0.4508715206,0.3587953958,0.3438794462
401,76,0.6205322731,0.0000000000,0.0047120681,0.0656517419,0.0236161304,0.5711651519,0.4233665786,0.6114719339
402,88,0.7389227247,0.0000000000,0.0552069474,0.1441145963,0.0636540053,0.7047234064,0.2918679373,0.8217897854
403,90,0.8580493941,0.0000000000,0.1620161931,0.2644168164,0.1361011189,0.8268881162,0.1471163940,0.7491391737
404,56,0.9533912105,0.0000000000,0.3484915205,0.4060359786,0.2030141100,0.9033659187,0.0673333707,0.6148175302
405,251,1.0000000000,0.0000000000,0.6269862434,0.4722252505,0.2019294226,0.9179099626,0.0239998747,0.6087705659
406,47,0.9851584945,0.0000000000,0.5170282076,0.3742363218,0.1291749996,0.8907641295,0.0052683616,0.6724491987
407,63,0.9151769251,0.0000000000,0.5123151000,0.2050542324,0.0585850352,0.8333881913,0.0006498863,0.7444093519
408,59,0.8111722923,0.0000000000,0.2774859198,0.0856268514,0.0264948180,0.7177620931,0.0000439839,0.5444631525
409,4,0.6977087739,0.0000000000,0.0387451740,0.0304877418,0.0190538293,0.5488788455,0.0000016197,0.1756009681
410,0,0.5926029821,0.0000000000,0.0011927095,0.0118763832,0.0244367159,0.3953108976,0.0000000323,0.0317696409
411,1,0.5029787194,0.0000000000,0.0000077897,0.0068388197,0.0299807475,0.3008666277,0.0000000003,0.0229712655
412,0,0.4271848018,0.0000000000,0.0000000107,0.0040450319,0.0221738567,0.2511392070,0.0000000000,0.0235138554
413,0,0.3596442945,0.0000000000,0.0000000000,0.0019335886,0.0084506477,0.2222924646,0.0000000000,0.0381958574
414,0,0.2958790503,0.0000000000,0.0000000000,0.0007375438,0.0016286315,0.2001986939,0.0000000000,0.0605733849
415,0,0.2356368923,0.0000000000,0.0000000000,0.0001777243,0.0002554747,0.1764685516,0.0000000000,0.0577855841
416,0,0.1828913998,0.0000000000,0.0000000000,0.0000219621,0.0001519717,0.1484264655,0.0000000000,0.0580167833
417,0,0.1430392465,0.0000000000,0.0000000000,0.0000013132,0.0003025897,0.1173858100,0.0000000000,0.0358351504
418,0,0.1192202267,0.0000000000,0.0000000000,0.0000010190,0.0008475730,0.0886941208,0.0000000000,0.0071059017
419,0,0.1100557251,0.0000000000,0.0000000000,0.0000189473,0.0013391567,0.0704425315,0.0000000000,0.0004425272
420,7,0.2396635117,0.0000000000,0.0000000000,0.0130357599,0.0051070483,0.1850335630,0.0000000000,0.1075087796
421,13,0.2581501880,0.0000000000,0.0000000000,0.0146402521,0.0056504816,0.2351601661,0.0000000000,0.1602940088
422,11,0.2668237939,0.0000000000,0.0000000000,0.0079024611,0.0035651854,0.2376756540,0.0000000000,0.0846390951
423,1,0.2710531693,0.0000000000,0.0000000000,0.0020595101,0.0019224465,0.2067481704,0.0000000000,0.0213827216
424,0,0.2780379373,0.0000000000,0.0000000000,0.0002686971,0.0031601265,0.1804593969,0.0000000011,0.0104860830
425,0,0.2933364470,0.0000000000,0.0000000000,0.0000773530,0.0060266242,0.1786794261,0.0000001283,0.0274120973
426,2,0.3192262286,0.0000000000,0.0000000000,0.0004340953,0.0061282327,0.1990718576,0.0000078697,0.0428055525
427,1,0.3558092974,0.0000000000,0.0000000000,0.0024681511,0.0039276133,0.2420699286,0.0002536508,0.0382617048
428,2,0.4032767948,0.0000000000,0.0000000146,0.0090540270,0.0038344456,0.3195364546,0.0042970042,0.0779524854
429,5,0.4632163101,0.0000000000,0.0000091963,0.0218207900,0.0053942182,0.4282722242,0.0382813381,0.2775486385
430,40,0.5381734232,0.0000000000,0.0012092127,0.0431310736,0.0095975408,0.5429970540,0.1798705335,0.5564324461
431,91,0.6295828382,0.0000000000,0.0333718741,0.0960940104,0.0345587076,0.6534827045,0.4516078700,0.7300054165
432,192,0.7341801486,0.0000000000,0.2020139535,0.2249215901,0.1261427589,0.7722301675,0.6398951641,0.9321533249
433,319,0.8401953199,0.0000000000,0.4023629503,0.4498441187,0.3274831889,0.8941185900,0.6119268777,1.0000000000
434,444,0.9270646292,0.0000000000,0.7790534720,0.7327826499,0.5810408458,0.9815179135,0.5171700083,0.9713623294
435,717,0.9719334801,0.0000000000,0.9668079292,0.8851965982,0.6759816074,1.0000000000,0.3694046586,0.9446383330
436,196,0.9606527651,0.0000000000,0.9174265611,0.7112747110,0.4792116645,0.9551380624,0.1716465855,0.8550908216
437,111,0.8955658402,0.0000000000,0.7046639713,0.3649145344,0.1989585207,0.8639112716,0.0455250170,0.7259786453
438,11,0.7940656607,0.0000000000,0.1951653691,0.1293522324,0.0537409949,0.7170865187,0.0066474558,0.4780488872
439,6,0.6794163376,0.0000000000,0.0134889702,0.0414838057,0.0198245998,0.5285513351,0.0005285252,0.1745569355
440,1,0.5706599514,0.0000000000,0.0002057888,0.0153813516,0.0246235488,0.3672857930,0.0000227290,0.0340755482
441,18,0.4772258482,0.0000000000,0.0000006682,0.0068402321,0.0359891958,0.2793409321,0.0000005255,0.0171832180
442,0,0.3993590859,0.0000000000,0.0000000005,0.0045359071,0.0316902965,0.2430011957,0.0000000065,0.0187843013
443,4,0.3323473730,0.0000000000,0.0000000000,0.0035837780,0.0142250732,0.2191119904,0.0000000000,0.0378379908
444,0,0.2716798098,0.0000000000,0.0000000000,0.0018599845,0.0031170243,0.1898530646,0.0000000000,0.0663572807
445,2,0.2165431104,0.0000000000,0.0000000000,0.0004873075,0.0003350399,0.1536713138,0.0000000000,0.0581532203
446,0,0.1700909705,0.0000000000,0.0000000000,0.0000602873,0.0000369518,0.1141404573,0.0000000000,0.0364051825
447,0,0.1367518170,0.0000000000,0.0000000000,0.0000034729,0.0001205394,0.0780028070,0.0000000000,0.0161359242
448,0,0.1185844455,0.0000000000,0.0000000000,0.0000002898,0.0004636275,0.0551106100,0.0000000000,0.0028201565
449,0,0.1131381389,0.0000000000,0.0000000000,0.0000037008,0.0008756001,0.0517742612,0.0000000000,0.0001642669
450,0,0.2026843203,0.0000000000,0.0000000000,0.0068916541,0.0018556187,0.1203952504,0.0000000000,0.0644739459
451,0,0.2297924798,0.0000000000,0.0000000000,0.0072010329,0.0022986122,0.1657577211,0.0000000000,0.0827035510
452,0,0.2520945253,0.0000000000,0.0000000000,0.0035943041,0.0015750501,0.1939544011,0.0000000000,0.0423566321
453,0,0.2728849513,0.0000000000,0.0000000000,0.0008654415,0.0010512212,0.2105807405,0.0000000000,0.0232136704
454,0,0.2959582598,0.0000000000,0.0000000000,0.0001726232,0.0027632857,0.2381865808,0.0000000000,0.0337709129
455,0,0.3233344484,0.0000000000,0.0000000000,0.0003805383,0.0065931646,0.2872472371,0.0000000004,0.0902965048
456,4,0.3549460337,0.0000000000,0.0000000000,0.0009765080,0.0079239071,0.3315578467,0.0000000533,0.1285052573
457,2,0.3903932014,0.0000000000,0.0000000002,0.0019306776,0.0050542697,0.3550975741,0.0000034575,0.0989164684
458,4,0.4307874207,0.0000000000,0.0000002439,0.0053049001,0.0024523778,0.3965142667,0.0001186019,0.1044287615
459,25,0.4789051688,0.0000000000,0.0000761146,0.0157856243,0.0022287786,0.4882338617,0.0021514597,0.3030490919
460,36,0.5378500138,0.0000000000,0.0049945153,0.0391897628,0.0060126768,0.5991361098,0.0206625561,0.5977054601
461,102,0.6093017386,0.0000000000,0.0713782224,0.0951128875,0.0273703459,0.6915320305,0.1057187054,0.6827908240
462,80,0.6914050972,0.0008924298,0.2691949869,0.2348606232,0.1184550014,0.7780337339,0.2967197586,0.7895743405
463,130,0.7761645413,0.0000664513,0.5275259614,0.5008554668,0.3636625543,0.8770726249,0.5134999169,0.9599705246
464,575,0.8483744323,0.0000000000,0.8615779750,0.8324549727,0.7479729399,0.9616707150,0.7256286001,0.9848167397
465,873,0.8892628333,0.0000000000,1.0000000000,1.0000000000,1.0000000000,0.9847973197,0.9594028823,0.9502509084
466,301,0.8846724391,0.0000000000,0.9445128809,0.8015434504,0.8094389953,0.9385859584,0.9206380668,0.9130552040
467,123,0.8325792760,0.0000000000,0.4760296420,0.4079592012,0.3734897182,0.8431569865,0.5223252412,0.7777407040
468,36,0.7442759779,0.0000000000,0.0732058379,0.1399147995,0.1018685514,0.6953461479,0.1643962407,0.5359808258
469,15,0.6385740337,0.0000000000,0.0026380109,0.0434298056,0.0274365520,0.5075593144,0.0282170200,0.2622336197
470,0,0.5334330550,0.0000000000,0.0000205503,0.0160369749,0.0181803179,0.3456124808,0.0026205684,0.0708318901
471,1,0.4400333070,0.0000000000,0.0000000339,0.0065860845,0.0186889347,0.2594527726,0.0001308583,0.0188763095
472,0,0.3615056023,0.0000000000,0.0000000000,0.0048119590,0.0162603655,0.2316157676,0.0000034936,0.0159675015
473,2,0.2956079631,0.0000000000,0.0000000000,0.0045147151,0.0081688629,0.2150933366,0.0000000496,0.0315809691
474,0,0.2390571693,0.0000000000,0.0000000000,0.0024439108,0.0020589682,0.1824516438,0.0000000004,0.0457734475
475,0,0.1908771468,0.0000000000,0.0000000000,0.0006335188,0.0002520039,0.1346693519,0.0000000000,0.0345291048
476,0,0.1529712341,0.0000000000,0.0000000000,0.0000765301,0.0000166986,0.0860667121,0.0000000000,0.0144798517
477,0,0.1279641562,0.0000000000,0.0000000000,0.0000042867,0.0000175593,0.0497539198,0.0000000000,0.0036626704
478,0,0.1161491909,0.0000000000,0.0000000000,0.0000001294,0.0000796466,0.0328134180,0.0000000000,0.0004927458
479,0,0.1138856218,0.0000000000,0.0000000000,0.0000003333,0.0001771719,0.0365978172,0.0000000000,0.0002195096
480,2,0.1701718692,0.0000000000,0.0000000000,0.0017882433,0.0002412686,0.0897305713,0.0000000000,0.0463964603
481,0,0.2051262677,0.0000000000,0.0000000000,0.0017632279,0.0003526946,0.1332892825,0.0000000000,0.0478548991
482,0,0.2397402810,0.0000000000,0.0000000000,0.0008294487,0.0003002111,0.1804928129,0.0000000000,0.0359443558
483,0,0.2755067030,0.0000000000,0.0000000000,0.0002232861,0.0003108469,0.2343028253,0.0000000000,0.0625445433
484,0,0.3133595010,0.0000000000,0.0000000000,0.0004129506,0.0011320561,0.3090781098,0.0000000000,0.1039339924
485,3,0.3522341645,0.0000000000,0.0000000000,0.0019208642,0.0033103936,0.4142767912,0.0000000000,0.2219962979
486,15,0.3896783170,0.0000000000,0.0000000000,0.0044737727,0.0050958865,0.5067705728,0.0000000003,0.3002057128
487,18,0.4241560241,0.0000000000,0.0000000016,0.0053747251,0.0047574401,0.5367083605,0.0000000449,0.2495298855
488,14,0.4568744691,0.0000000000,0.0000011751,0.0053345801,0.0037810203,0.5374530347,0.0000030452,0.1933087900
489,7,0.4914752746,0.0000000000,0.0001840427,0.0112737352,0.0033182878,0.5763359657,0.0001085560,0.2889173812
490,46,0.5321535652,0.0000000000,0.0064162914,0.0309356703,0.0054978683,0.6484212340,0.0020361847,0.5535652543
491,86,0.5817731447,0.0000000000,0.0612353234,0.0778478501,0.0173292730,0.7055313718,0.0201162715,0.6341876365
492,35,0.6402852998,0.0000000000,0.2413841686,0.1912028070,0.0607882532,0.7449864415,0.1050906344,0.6125650865
493,86,0.7028422732,0.0000008613,0.5233951706,0.4054560361,0.1818913792,0.7927571945,0.2959348610,0.7784178980
494,253,0.7585331078,1.0000000000,0.8233399740,0.6359834489,0.3940530964,0.8389609009,0.4922166030,0.8699126421
495,450,0.7923237223,0.0000000000,0.7887555144,0.6998678903,0.5712057272,0.8461820666,0.6520941412,0.7898276241
496,229,0.7910039952,0.0000000000,0.4531091603,0.5316230163,0.5126668266,0.8084880209,0.9033651447,0.6626462089
497,298,0.7498616865,0.0000000000,0.1321837290,0.2734825955,0.2659508701,0.7517072194,1.0000000000,0.6484256552
498,103,0.6752895498,0.0000000000,0.0110013427,0.1002205012,0.0839248690,0.6652747835,0.6672532469,0.6399900920
499,77,0.5815757024,0.0000000000,0.0002052339,0.0330406567,0.0304850817,0.5250253907,0.2465794235,0.4503887028
500,1,0.4844251931,0.0000000000,0.0000008146,0.0127273396,0.0213354563,0.3719988911,0.0494347274,0.1672761607
501,0,0.3953386080,0.0000000000,0.0000000007,0.0059705451,0.0130079994,0.2718646631,0.0053315067,0.0401042174
502,1,0.3194417921,0.0000000000,0.0000000000,0.0042680080,0.0064610335,0.2347490951,0.0003074718,0.0216315962
503,0,0.2568527291,0.0000000000,0.0000000000,0.0033248392,0.0027218552,0.2203020130,0.0000094361,0.0313679594
504,0,0.2058700142,0.0000000000,0.0000000000,0.0015987302,0.0007282434,0.1891289610,0.0000001535,0.0368445659
505,0,0.1656773492,0.0000000000,0.0000000000,0.0003882919,0.0001015577,0.1336139131,0.0000000013,0.0178291896
506,0,0.1369350459,0.0000000000,0.0000000000,0.0000449859,0.0000070178,0.0751464044,0.0000000000,0.0042403613
507,0,0.1202362469,0.0000000000,0.0000000000,0.0000024427,0.0000009948,0.0375092011,0.0000000000,0.0006285249
508,0,0.1139675220,0.0000000000,0.0000000000,0.0000000669,0.0000041972,0.0271109518,0.0000000000,0.0004081194
509,0,0.1135291239,0.0000000000,0.0000000000,0.0000000191,0.0000109738,0.0380127871,0.0000000000,0.0013774416
510,2,0.1497551459,0.0000000000,0.0000000000,0.0002210921,0.0000655994,0.1049737302,0.0000000000,0.0451953082
511,0,0.1885360780,0.0000000000,0.0000000000,0.0002072544,0.0001518065,0.1531330151,0.0000000000,0.0504459653
512,0,0.2298343868,0.0000000000,0.0000000000,0.0000965061,0.0003325511,0.2093934048,0.0000000000,0.0558063904
513,4,0.2747275028,0.0000000000,0.0000000000,0.0001144711,0.0005169443,0.2794976336,0.0000000000,0.1102642890
514,0,0.3230295682,0.0000000000,0.0000000000,0.0009718392,0.0009679334,0.3743234588,0.0000000000,0.1689685734
515,44,0.3719423371,0.0000000000,0.0000000000,0.0046698946,0.0023931533,0.5059892129,0.0000000000,0.3650462896
516,22,0.4169568551,0.0000000000,0.0000000000,0.0108087702,0.0041641759,0.6313121436,0.0000000000,0.4899525812
517,10,0.4545800781,0.0000000000,0.0000000045,0.0129287332,0.0043562407,0.6844830337,0.0000000002,0.4126800288
518,17,0.4846760793,0.0000000000,0.0000016719,0.0109882608,0.0035480414,0.6755543318,0.0000000285,0.3323190576
519,16,0.5106105786,0.0000000000,0.0001454419,0.0145220735,0.0033422275,0.6728330634,0.0000021695,0.4006891005
520,25,0.5374541959,0.0000000000,0.0038265989,0.0308397656,0.0064973670,0.7011741853,0.0000867196,0.6047122395
521,93,0.5697019449,0.0000000000,0.0403371307,0.0705897641,0.0185015796,0.7270697392,0.0018200474,0.7121864412
522,106,0.6092005513,0.0000000000,0.1638384788,0.1603281400,0.0404392256,0.7326974886,0.0200600009,0.6669582015
523,127,0.6531500185,0.0000000000,0.4038802377,0.3088785242,0.0698744179,0.7335079157,0.1161904050,0.7472164493
524,171,0.6929619029,0.0000000000,0.6610055999,0.4145520658,0.1087246698,0.7292374265,0.3550353860,0.8164849876
525,96,0.7159141227,0.0000008415,0.3820131701,0.3709156216,0.1403427824,0.7020557508,0.5848515567,0.7014098644
526,22,0.7102364469,0.0000000000,0.0954380442,0.2410696094,0.1280151839,0.6602023752,0.5817696757,0.5117644209
527,35,0.6710400483,0.0000000000,0.0130307586,0.1250995729,0.0738973986,0.6350605933,0.5057317797,0.5444230828
528,88,0.6030200313,0.0000000000,0.0005479257,0.0546418792,0.0304232112,0.6173332559,0.4874934572,0.6862693748
529,52,0.5181012402,0.0000000000,0.0000051763,0.0217834228,0.0212902488,0.5544995154,0.3579047668,0.5908760366
530,17,0.4299491400,0.0000000000,0.0000000104,0.0100354055,0.0254864321,0.4391846834,0.1529080531,0.2903133058
531,2,0.3490029662,0.0000000000,0.0000000000,0.0073186488,0.0211905173,0.3260292061,0.0355489655,0.1183013731
532,2,0.2804659620,0.0000000000,0.0000000000,0.0055388998,0.0103735545,0.2587799131,0.0044273574,0.0720613267
533,0,0.2252861428,0.0000000000,0.0000000000,0.0026989990,0.0031577109,0.2314311203,0.0002935194,0.0365973485
534,0,0.1825291954,0.0000000000,0.0000000000,0.0007855824,0.0006342790,0.2073339629,0.0000103168,0.0285761897
535,0,0.1512843695,0.0000000000,0.0000000000,0.0001370545,0.0000805483,0.1582239189,0.0000001917,0.0135203080
536,0,0.1310223165,0.0000000000,0.0000000000,0.0000137418,0.0000057865,0.0944775969,0.0000000019,0.0031115503
537,0,0.1205736515,0.0000000000,0.0000000000,0.0000010200,0.0000002261,0.0484106292,0.0000000000,0.0005541901
538,0,0.1169446460,0.0000000000,0.0000000000,0.0000003700,0.0000000716,0.0353430034,0.0000000000,0.0011458785
539,0,0.1153411280,0.0000000000,0.0000000000,0.0000003240,0.0000002080,0.0496026072,0.0000000000,0.0034603311
540,1,0.1383297970,0.0000000000,0.0000000000,0.0000128499,0.0002449068,0.1470026927,0.0000000000,0.0499101788
541,0,0.1754977918,0.0000000000,0.0000000000,0.0000116397,0.0004229176,0.2032476209,0.0000000000,0.0653593131
542,0,0.2162312610,0.0000000000,0.0000000000,0.0000108108,0.0010767535,0.2544069223,0.0000000000,0.0781315892
543,2,0.2627855741,0.0000000000,0.0000000000,0.0001190120,0.0016692285,0.3172823100,0.0000000000,0.1357911079
544,1,0.3158577543,0.0000000000,0.0000000000,0.0011448768,0.0018520711,0.4041743631,0.0000000000,0.1825125799
545,28,0.3726200545,0.0000000000,0.0000000000,0.0053703315,0.0021488075,0.5279721550,0.0000000000,0.3948326214
546,41,0.4272687845,0.0000000000,0.0000000000,0.0125041488,0.0028968105,0.6547509950,0.0000000000,0.5532164701
547,30,0.4739275824,0.0000000000,0.0000000038,0.0166220221,0.0028783012,0.7228963347,0.0000000000,0.4958283701
548,14,0.5097989638,0.0000000000,0.0000008393,0.0197393553,0.0020392936,0.7263318211,0.0000000000,0.4465817842
549,26,0.5364321173,0.0000000000,0.0000634555,0.0288091279,0.0020629686,0.7132247868,0.0000000076,0.5451330088
550,62,0.5586211722,0.0000000000,0.0018434965,0.0401825132,0.0049979077,0.7214501211,0.0000006593,0.6455174019
551,53,0.5818579679,0.0000000000,0.0170385762,0.0642442786,0.0144921507,0.7418624314,0.0000298732,0.7359715937
552,93,0.6093658334,0.0000000000,0.0851329722,0.1326101946,0.0294812623,0.7503660733,0.0007106407,0.7901910841
553,52,0.6394967866,0.0000000000,0.3303997316,0.2366149212,0.0396043141,0.7431933736,0.0088752354,0.8284207127
554,200,0.6647351774,0.0000000000,0.4001397258,0.2730161282,0.0400039543,0.7173624694,0.0581999253,0.8428106652
555,86,0.6738024297,0.0000000000,0.1156681794,0.1960495605,0.0345951214,0.6674923213,0.2005262663,0.7271133653
556,50,0.6568095161,0.0000000000,0.0098871430,0.1032813275,0.0263616730,0.6116427452,0.3644943905,0.6445855303
557,91,0.6107062070,0.0000000000,0.0004469251,0.0519887301,0.0170198611,0.5787436626,0.3583191819,0.6473734144
558,72,0.5412963711,0.0000000000,0.0000085043,0.0269762280,0.0118608284,0.5698480257,0.2186004986,0.6410631802
559,32,0.4604165766,0.0000000000,0.0000000397,0.0133132439,0.0190218837,0.5507647401,0.1270249147,0.5350953782
560,20,0.3804994194,0.0000000000,0.0000000000,0.0085411468,0.0374916265,0.4950620611,0.0831502865,0.3276842310
561,3,0.3102247458,0.0000000000,0.0000000000,0.0092705700,0.0437675614,0.4126437944,0.0391946320,0.2041063618
562,22,0.2533169288,0.0000000000,0.0000000000,0.0074997078,0.0266025282,0.3323239700,0.0104454391,0.1632910732
563,1,0.2098923540,0.0000000000,0.0000000000,0.0030727158,0.0084262017,0.2803721065,0.0014940328,0.0795928150
564,0,0.1784765394,0.0000000000,0.0000000000,0.0006179895,0.0014326607,0.2567709422,0.0001134331,0.0403558493
565,0,0.1572599432,0.0000000000,0.0000000000,0.0000754560,0.0001361678,0.2264148597,0.0000045536,0.0376158132
566,0,0.1442533934,0.0000000000,0.0000000000,0.0000187632,0.0000076782,0.1678234290,0.0000000964,0.0239013053
567,0,0.1368253614,0.0000000000,0.0000000000,0.0000130433,0.0000003115,0.1051407070,0.0000000011,0.0086777082
568,0,0.1314379373,0.0000000000,0.0000000000,0.0000125803,0.0000000173,0.0694771802,0.0000000000,0.0034664708
569,0,0.1242279179,0.0000000000,0.0000000000,0.0000106509,0.0000000036,0.0676330657,0.0000000000,0.0045515024
570,0,0.1285942329,0.0000000000,0.0000000000,0.0000007188,0.0004753418,0.1796487562,0.0000000000,0.0633374044
571,3,0.1595660991,0.0000000000,0.0000000000,0.0000009695,0.0004462041,0.2385094794,0.0000000000,0.0924388538
572,0,0.1939494953,0.0000000000,0.0000000000,0.0000122415,0.0011657615,0.2692714807,0.0000000000,0.0960506109
573,3,0.2359794610,0.0000000000,0.0000000000,0.0001464249,0.0019727570,0.3081836119,0.0000000000,0.1464483570
574,2,0.2883678595,0.0000000000,0.0000000000,0.0009716114,0.0021194287,0.3775027059,0.0000000000,0.1899708331
575,29,0.3495016839,0.0000000000,0.0000000000,0.0036197951,0.0016351155,0.4798000854,0.0000000000,0.3692018313
576,4,0.4132913206,0.0000000000,0.0000000000,0.0079990809,0.0011900473,0.5884700257,0.0000000000,0.4886855040
577,2,0.4719111267,0.0000000000,0.0000000013,0.0142114590,0.0010250341,0.6611685127,0.0000000000,0.4542686799
578,7,0.5195937345,0.0000000000,0.0000002766,0.0297790196,0.0011698447,0.6873261233,0.0000000000,0.5060567849
579,76,0.5550978311,0.0000000000,0.0000217868,0.0521611057,0.0021985295,0.6873489654,0.0000000000,0.6416964725
580,118,0.5815828475,0.0000000000,0.0005496326,0.0568931913,0.0044965155,0.6951333488,0.0000000008,0.5742058783
581,59,0.6041754396,0.0000000000,0.0100951258,0.0562331182,0.0086882045,0.7271834165,0.0000000806,0.6086170676
582,291,0.6264403362,0.0000000000,0.1122937445,0.0945109661,0.0144035380,0.7642088124,0.0000041441,0.7780496859
583,210,0.6473128884,0.0000000000,0.3139005072,0.1572773232,0.0187840888,0.7819814761,0.0001118267,0.8981922546
584,153,0.6601959337,0.0000000000,0.1889426760,0.1663254882,0.0194223545,0.7644179026,0.0015841982,0.9155630159
585,92,0.6554356842,0.0000000000,0.0243797363,0.1125405615,0.0164850303,0.7049948973,0.0117823380,0.8329248705
586,119,0.6255492335,0.0000000000,0.0007181953,0.0601351134,0.0123411170,0.6280345655,0.0460112749,0.8214051542
587,71,0.5701755883,0.0000000000,0.0000071186,0.0303452544,0.0090929169,0.5671761419,0.0944149371,0.7479399888
588,9,0.4971967774,0.0000000000,0.0000000424,0.0144057901,0.0080922111,0.5316334290,0.1023103047,0.5376653644
589,22,0.4191179063,0.0000000000,0.0000000001,0.0067973274,0.0136673961,0.5140662298,0.0604704671,0.3648849898
590,16,0.3474648222,0.0000000000,0.0000000000,0.0052991062,0.0289633603,0.5033864943,0.0233619122,0.2531233858
591,4,0.2890633539,0.0000000000,0.0000000000,0.0067015079,0.0392442455,0.4817075683,0.0095607104,0.2187579110
592,12,0.2457725863,0.0000000000,0.0000000000,0.0054504460,0.0281889144,0.4354253652,0.0042354421,0.2224892725
593,1,0.2162984619,0.0000000000,0.0000000000,0.0021641991,0.0105528446,0.3845103613,0.0012528850,0.1507218603
594,1,0.1979119348,0.0000000000,0.0000000000,0.0004889885,0.0021317699,0.3644061800,0.0002042394,0.1001259117
595,5,0.1871675097,0.0000000000,0.0000000000,0.0002345349,0.0002716928,0.3608779045,0.0000176993,0.1279462248
596,2,0.1800937162,0.0000000000,0.0000000000,0.0002431757,0.0000378216,0.3235942327,0.0000008098,0.1160828751
597,0,0.1725743614,0.0000000000,0.0000000000,0.0002284294,0.0000073323,0.2446262467,0.0000000195,0.0662430874
598,0,0.1611244190,0.0000000000,0.0000000000,0.0002142893,0.0000014456,0.1638389886,0.0000000002,0.0258279009
599,0,0.1438091481,0.0000000000,0.0000000000,0.0001639379,0.0000003669,0.1139052662,0.0000000000,0.0095445665
600,0,0.1172203827,0.0000000000,0.0000000000,0.0000106990,0.0003715602,0.1811222027,0.0000000000,0.0717328743
601,0,0.1399786252,0.0000000000,0.0000000000,0.0000067328,0.0002199688,0.2370441743,0.0000000000,0.1118636781
602,1,0.1657604431,0.0000000000,0.0000000000,0.0000490330,0.0005678563,0.2421248504,0.0000000000,0.0762894839
603,0,0.2004060184,0.0000000000,0.0000000000,0.0004486351,0.0011687639,0.2471780380,0.0000000000,0.0816974321
604,0,0.2483042328,0.0000000000,0.0000000000,0.0020039305,0.0015307767,0.2950305058,0.0000000000,0.1319980632
605,30,0.3091638909,0.0000000000,0.0000000000,0.0045937232,0.0013884533,0.3778542721,0.0000000000,0.2957077201
606,62,0.3773293708,0.0000000000,0.0000000000,0.0069797545,0.0010378817,0.4654957737,0.0000000000,0.3861241295
607,11,0.4441467407,0.0000000000,0.0000000003,0.0138136976,0.0008952000,0.5372620265,0.0000000000,0.3904423507
608,6,0.5019096535,0.0000000000,0.0000000677,0.0354201666,0.0012114471,0.5920406860,0.0000000000,0.5392152219
609,23,0.5470164777,0.0000000000,0.0000066672,0.0608318598,0.0024644941,0.6297173123,0.0000000000,0.6873060565
610,34,0.5806005984,0.0000000000,0.0005868340,0.0593408311,0.0043200468,0.6598077410,0.0000000000,0.5693032583
611,116,0.6064720764,0.0000000000,0.0175165808,0.0460677707,0.0056229650,0.7023272494,0.0000000000,0.5371271089
612,54,0.6276392191,0.0000000000,0.1144458934,0.0572168986,0.0061712304,0.7535914837,0.0000000040,0.7008403473
613,108,0.6432997189,0.0000000000,0.1569806056,0.0802914131,0.0071315954,0.7891802733,0.0000002306,0.8441160066
614,109,0.6480713130,0.0000000000,0.0451059064,0.0812957546,0.0089926950,0.7859005361,0.0000070589,0.9096285436
615,148,0.6344149526,0.0000000000,0.0027191794,0.0624517284,0.0096895834,0.7274148460,0.0001134400,0.8514456437
616,139,0.5974147826,0.0000000000,0.0000346817,0.0416072390,0.0087734429,0.6294555731,0.0009570720,0.7839357637
617,111,0.5389671168,0.0000000000,0.0000001002,0.0224279460,0.0082850670,0.5381703817,0.0042391809,0.6672994610
618,26,0.4681296667,0.0000000000,0.0000000001,0.0090228791,0.0081626792,0.4832932305,0.0098592268,0.4369419023
619,10,0.3971201574,0.0000000000,0.0000000000,0.0032549721,0.0089628267,0.4661923814,0.0120521024,0.2371494615
620,2,0.3360215430,0.0000000000,0.0000000000,0.0020381675,0.0120697271,0.4775494671,0.0077970641,0.1765098952
621,6,0.2899319588,0.0000000000,0.0000000000,0.0023646734,0.0150163124,0.4961671069,0.0027961388,0.1937665497
622,2,0.2594899243,0.0000000000,0.0000000000,0.0018723417,0.0126914180,0.4960913585,0.0007116339,0.2099460293
623,0,0.2427304059,0.0000000000,0.0000000000,0.0008583326,0.0067126656,0.4827070220,0.0002118795,0.1753303317
624,0,0.2360949209,0.0000000000,0.0000000000,0.0007633692,0.0026039556,0.4925069636,0.0000621096,0.1687826947
625,8,0.2344758830,0.0000000000,0.0000000000,0.0014060788,0.0011237885,0.5272839202,0.0000113047,0.2259458832
626,20,0.2316317854,0.0000000000,0.0000000000,0.0018993222,0.0005175297,0.5306529330,0.0000011131,0.2379348486
627,8,0.2217665786,0.0000000000,0.0000000000,0.0020027290,0.0001772804,0.4578068768,0.0000000579,0.1935766826
628,0,0.2015948239,0.0000000000,0.0000000000,0.0017653215,0.0000516321,0.3310209452,0.0000000016,0.1132309063
629,0,0.1715518775,0.0000000000,0.0000000000,0.0011890137,0.0000175704,0.2089283748,0.0000000000,0.0422482467
630,1,0.1063952794,0.0000000000,0.0000000000,0.0001444230,0.0001090808,0.1473891468,0.0000000000,0.0615438728
631,1,0.1216179574,0.0000000000,0.0000000000,0.0000624827,0.0001458186,0.2053692737,0.0000000000,0.1092888615
632,0,0.1401205977,0.0000000000,0.0000000000,0.0001219969,0.0006022539,0.2101965241,0.0000000000,0.0640709206
633,0,0.1682594961,0.0000000000,0.0000000000,0.0009964368,0.0016527041,0.2021536710,0.0000000000,0.0297718437
634,13,0.2106257963,0.0000000000,0.0000000000,0.0042048841,0.0029338699,0.2312836974,0.0000000000,0.0705974189
635,19,0.2671238478,0.0000000000,0.0000000000,0.0089583813,0.0038845026,0.2868558632,0.0000000000,0.1712110248
636,2,0.3323850431,0.0000000000,0.0000000000,0.0122585732,0.0044759502,0.3368673733,0.0000000000,0.2045989667
637,11,0.3979366104,0.0000000000,0.0000000001,0.0185215903,0.0045262517,0.3827730706,0.0000000000,0.2578221352
638,14,0.4559143325,0.0000000000,0.0000000343,0.0332989207,0.0037899219,0.4440953247,0.0000000000,0.4344291307
639,21,0.5021686610,0.0000000000,0.0000104910,0.0447359419,0.0034931170,0.5186441717,0.0000000000,0.5124400220
640,8,0.5370014594,0.0000000000,0.0007689408,0.0387817475,0.0041289753,0.5915971643,0.0000000000,0.4837570828
641,18,0.5633219697,0.0000000000,0.0118838746,0.0296740415,0.0043362157,0.6563282435,0.0000000000,0.5752492812
642,89,0.5835549040,0.0000000000,0.0383609020,0.0293049889,0.0036162179,0.7060048391,0.0000000000,0.7082656138
643,61,0.5971225228,0.0000000000,0.0258499770,0.0301835992,0.0029785230,0.7337797617,0.0000000001,0.7242831528
644,50,0.5999085679,0.0000000000,0.0036369922,0.0293464796,0.0035202786,0.7360776014,0.0000000051,0.7633103880
645,84,0.5863216311,0.0000000000,0.0001068760,0.0279150939,0.0048716496,0.6981184870,0.0000001787,0.7504449714
646,150,0.5532152249,0.0000000000,0.0000006566,0.0224172452,0.0069290881,0.6089249741,0.0000032577,0.6337896570
647,56,0.5031910487,0.0000000000,0.0000000008,0.0133561956,0.0100021929,0.5002118580,0.0000311784,0.4669316853
648,29,0.4445306022,0.0000000000,0.0000000000,0.0065617133,0.0111733275,0.4278327542,0.0001566563,0.2759590193
649,1,0.3874950370,0.0000000000,0.0000000000,0.0031024885,0.0109816433,0.4128494238,0.0004132420,0.1394805589
650,8,0.3399536096,0.0000000000,0.0000000000,0.0012375017,0.0132453518,0.4321838096,0.0005724178,0.1278787781
651,2,0.3055936791,0.0000000000,0.0000000000,0.0005488894,0.0148650996,0.4576595721,0.0004169715,0.1564472705
652,1,0.2849392546,0.0000000000,0.0000000000,0.0003588597,0.0120623844,0.4794020917,0.0001613885,0.1479554314
653,27,0.2767080495,0.0000000000,0.0000000000,0.0005765575,0.0078681024,0.5090839552,0.0000355879,0.1467476426
654,14,0.2776531894,0.0000000000,0.0000000000,0.0020207015,0.0055604360,0.5679654550,0.0000062370,0.2177596489
655,5,0.2817307811,0.0000000000,0.0000000000,0.0047466179,0.0046061981,0.6477728627,0.0000013552,0.2765137856
656,9,0.2807711227,0.0000000000,0.0000000000,0.0075184554,0.0031119221,0.6942787174,0.0000002554,0.2937114214
657,10,0.2673865190,0.0000000000,0.0000000000,0.0086587169,0.0014732722,0.6470442686,0.0000000282,0.2963548128
658,5,0.2384249838,0.0000000000,0.0000000000,0.0070575768,0.0006017838,0.4992730613,0.0000000017,0.2263187669
659,2,0.1964898247,0.0000000000,0.0000000000,0.0041005973,0.0002613514,0.3151471403,0.0000000001,0.0938008155
660,0,0.0990753894,0.0000000000,0.0000000000,0.0008977764,0.0000165172,0.0858295016,0.0000000000,0.0270339763
661,0,0.1087907628,0.0000000000,0.0000000000,0.0003492946,0.0000951758,0.1422413241,0.0000000000,0.0566456044
662,0,0.1230465512,0.0000000000,0.0000000000,0.0001810662,0.0005314278,0.1787436911,0.0000000000,0.0432031735
663,0,0.1477447673,0.0000000000,0.0000000000,0.0010561882,0.0017328871,0.2042986806,0.0000000000,0.0307033672
664,0,0.1860861691,0.0000000000,0.0000000000,0.0044452678,0.0039075997,0.2388375133,0.0000000000,0.0715969977
665,21,0.2365173186,0.0000000000,0.0000000000,0.0102849285,0.0073185616,0.2666224041,0.0000000000,0.1393099685
666,3,0.2929696478,0.0000000000,0.0000000000,0.0176376405,0.0113268948,0.2645871410,0.0000000000,0.1034831684
667,23,0.3473782743,0.0000000000,0.0000000001,0.0281233329,0.0124810045,0.2527961054,0.0000000000,0.0900737988
668,4,0.3931988746,0.0000000000,0.0000000482,0.0354413069,0.0091773889,0.2716465040,0.0000000000,0.1666720013
669,2,0.4279370637,0.0000000000,0.0000084468,0.0303574280,0.0056921252,0.3328968645,0.0000000000,0.2091206931
670,18,0.4532349239,0.0000000000,0.0003095333,0.0193324366,0.0048542603,0.4205515318,0.0000000000,0.2663768090
671,42,0.4727035142,0.0000000000,0.0023669022,0.0139957297,0.0051830656,0.5083987325,0.0000000000,0.4149477840
672,55,0.4890741291,0.0000000000,0.0037762169,0.0119223370,0.0050344489,0.5686264965,0.0000000000,0.5117159722
673,27,0.5022489184,0.0000000000,0.0012570332,0.0092212795,0.0038021844,0.5954002224,0.0000000000,0.4769832230
674,57,0.5090426105,0.0000000000,0.0000873110,0.0092669108,0.0025144996,0.6115971373,0.0000000000,0.4961410880
675,40,0.5048237914,0.0000000000,0.0000012655,0.0106688801,0.0026885056,0.6226158534,0.0000000000,0.5411527581
676,57,0.4865507122,0.0000000000,0.0000000038,0.0090938921,0.0050325606,0.5911930181,0.0000000018,0.4690081605
677,14,0.4554220778,0.0000000000,0.0000000000,0.0065749713,0.0088788259,0.5016150459,0.0000000375,0.2985740028
678,2,0.4169483059,0.0000000000,0.0000000000,0.0055438796,0.0114110301,0.4088525284,0.0000004073,0.1375161436
679,0,0.3781952617,0.0000000000,0.0000000000,0.0039038663,0.0150846408,0.3704137489,0.0000023217,0.0682554572
680,2,0.3446583045,0.0000000000,0.0000000000,0.0015312980,0.0265004537,0.3750362750,0.0000069472,0.0640804881
681,0,0.3193371043,0.0000000000,0.0000000000,0.0003216820,0.0351752234,0.3849685607,0.0000109142,0.0754699439
682,3,0.3037521486,0.0000000000,0.0000000000,0.0001303382,0.0264523312,0.3994903184,0.0000090048,0.0720248751
683,6,0.2984127886,0.0000000000,0.0000000000,0.0006882401,0.0126745941,0.4460084312,0.0000039106,0.0895970096
684,0,0.3014006128,0.0000000000,0.0000000000,0.0030081599,0.0073851120,0.5411795531,0.0000009085,0.1755971445
685,5,0.3067253118,0.0000000000,0.0000000000,0.0080624883,0.0072042891,0.6607240920,0.0000001256,0.2600697039
686,15,0.3052090787,0.0000000000,0.0000000000,0.0149456214,0.0063200573,0.7410257678,0.0000000158,0.3199790707
687,6,0.2884776301,0.0000000000,0.0000000000,0.0181984166,0.0040910972,0.7154802446,0.0000000025,0.3639609493
688,6,0.2535097434,0.0000000000,0.0000000000,0.0136659570,0.0022528148,0.5651906595,0.0000000003,0.2785724971
689,0,0.2043770130,0.0000000000,0.0000000000,0.0067845050,0.0012014423,0.3541855922,0.0000000000,0.1016981571
690,0,0.0940802347,0.0000000000,0.0000000000,0.0025614336,0.0000019991,0.0340569696,0.0000000000,0.0047151338
691,2,0.1001447555,0.0000000000,0.0000000000,0.0009550793,0.0000235264,0.0757936698,0.0000000000,0.0118167479
692,0,0.1125560493,0.0000000000,0.0000000000,0.0002236517,0.0001622231,0.1391482471,0.0000000000,0.0212407027
693,0,0.1363820602,0.0000000000,0.0000000000,0.0005347947,0.0007122161,0.2164615108,0.0000000000,0.0554510263
694,3,0.1727037657,0.0000000000,0.0000000000,0.0023732562,0.0025794780,0.2800747397,0.0000000000,0.0879281219
695,0,0.2175052674,0.0000000000,0.0000000000,0.0072559958,0.0076165615,0.2946910266,0.0000000000,0.1043415381
696,2,0.2630733186,0.0000000000,0.0000000000,0.0190399304,0.0148652707,0.2534417829,0.0000000000,0.0659029984
697,17,0.3013587654,0.0000000000,0.0000000001,0.0367234958,0.0170987845,0.1907198640,0.0000000000,0.0247815949
698,19,0.3276220914,0.0000000000,0.0000000228,0.0420333115,0.0114101014,0.1524663554,0.0000000000,0.0263667382
699,2,0.3422946884,0.0000000000,0.0000019826,0.0271940626,0.0051477749,0.1609130947,0.0000000000,0.0351508288
700,0,0.3499852804,0.0000000000,0.0000359509,0.0111494386,0.0031209212,0.2124576071,0.0000000000,0.0668058484
701,0,0.3565011806,0.0000000000,0.0001360040,0.0050183897,0.0037873795,0.2854937785,0.0000000000,0.1371378867
702,3,0.3658935857,0.0000000000,0.0001073401,0.0033094467,0.0046322825,0.3475303293,0.0000000000,0.1858262464
703,0,0.3788948416,0.0000000000,0.0000176743,0.0024213794,0.0039796574,0.3859105506,0.0000000000,0.1797519442
704,0,0.3928879235,0.0000000000,0.0000006072,0.0031438788,0.0028591022,0.4297277868,0.0000000000,0.1922192272
705,0,0.4031836683,0.0000000000,0.0000000044,0.0038976807,0.0030788526,0.5026354574,0.0000000000,0.2544159533
706,9,0.4053510896,0.0000000000,0.0000000000,0.0031501888,0.0041846665,0.5614264299,0.0000000000,0.2923923666
707,6,0.3975681482,0.0000000000,0.0000000000,0.0029772835,0.0053438050,0.5445373263,0.0000000000,0.2313350313
708,0,0.3813446438,0.0000000000,0.0000000000,0.0039547347,0.0065854555,0.4691686160,0.0000000002,0.1179624141
709,0,0.3601512228,0.0000000000,0.0000000000,0.0035766491,0.0110955760,0.4016297186,0.0000000021,0.0620357486
710,4,0.3375700158,0.0000000000,0.0000000000,0.0017542919,0.0241246878,0.3621532857,0.0000000138,0.0422469470
711,31,0.3167845253,0.0000000000,0.0000000000,0.0005241412,0.0366933529,0.3303404917,0.0000000468,0.0257855675
712,1,0.3010472934,0.0000000000,0.0000000000,0.0002378999,0.0304494276,0.3092009091,0.0000000835,0.0252627572
713,0,0.2931087685,0.0000000000,0.0000000000,0.0005572855,0.0139901143,0.3330998967,0.0000000781,0.0385261811
714,1,0.2928660488,0.0000000000,0.0000000000,0.0022391952,0.0056239255,0.4255736441,0.0000000384,0.0906707634
715,8,0.2952748371,0.0000000000,0.0000000000,0.0069338179,0.0046571909,0.5585893092,0.0000000099,0.2078353915
716,8,0.2913695345,0.0000000000,0.0000000000,0.0146590595,0.0048270175,0.6563314979,0.0000000014,0.3284683407
717,72,0.2727577126,0.0000000000,0.0000000000,0.0182985843,0.0039752896,0.6453725214,0.0000000001,0.3914897279
718,10,0.2366155464,0.0000000000,0.0000000000,0.0127288525,0.0027146182,0.5073937756,0.0000000000,0.2640117536
719,0,0.1874574783,0.0000000000,0.0000000000,0.0054199242,0.0017057631,0.3078018969,0.0000000000,0.0759160466
720,0,0.0862499082,0.0000000000,0.0000000000,0.0033523371,0.0000001208,0.0123211908,0.0000000000,0.0005532546
721,0,0.0897919966,0.0000000000,0.0000000000,0.0012128036,0.0000019437,0.0376298678,0.0000000000,0.0018451012
722,0,0.1009869684,0.0000000000,0.0000000000,0.0002172228,0.0000196459,0.0991977048,0.0000000000,0.0145745518
723,0,0.1241186589,0.0000000000,0.0000000000,0.0001514847,0.0001649668,0.1955058149,0.0000000000,0.0652379650
724,0,0.1585559321,0.0000000000,0.0000000000,0.0008205483,0.0011011445,0.2819723294,0.0000000000,0.1004842354
725,1,0.1982490045,0.0000000000,0.0000000000,0.0040922787,0.0044668878,0.3057926738,0.0000000000,0.0748211983
726,0,0.2339815876,0.0000000000,0.0000000000,0.0149414290,0.0098251308,0.2608554733,0.0000000000,0.0361274452
727,3,0.2575068897,0.0000000000,0.0000000000,0.0313672799,0.0115985838,0.1821273798,0.0000000000,0.0143021234
728,9,0.2654765623,0.0000000000,0.0000000031,0.0348268493,0.0074545274,0.1111497942,0.0000000000,0.0071824245
729,0,0.2608669878,0.0000000000,0.0000001339,0.0204905956,0.0027440748,0.0758543861,0.0000000000,0.0035426345
730,0,0.2510885948,0.0000000000,0.0000012016,0.0067108643,0.0009307086,0.0829717097,0.0000000000,0.0059956981
731,0,0.2442431111,0.0000000000,0.0000022491,0.0016147991,0.0010256704,0.1188341337,0.0000000000,0.0163411005
732,0,0.2459444421,0.0000000000,0.0000008783,0.0005875966,0.0015644208,0.1586912550,0.0000000000,0.0270689086
733,0,0.2579437075,0.0000000000,0.0000000716,0.0004722011,0.0016093121,0.1933673779,0.0000000000,0.0323627798
734,0,0.2782051001,0.0000000000,0.0000000012,0.0008124284,0.0016077993,0.2498864166,0.0000000000,0.0510671449
735,0,0.3018401042,0.0000000000,0.0000000000,0.0010142793,0.0024888851,0.3580851846,0.0000000000,0.1007225210
736,0,0.3228201996,0.0000000000,0.0000000000,0.0008812548,0.0031629545,0.4892679950,0.0000000000,0.1804287583
737,2,0.3361145163,0.0000000000,0.0000000000,0.0016718467,0.0027845284,0.5720951231,0.0000000000,0.2356515473
738,4,0.3391682461,0.0000000000,0.0000000000,0.0041933166,0.0029731536,0.5804500919,0.0000000000,0.1877747149
739,0,0.3320121034,0.0000000000,0.0000000000,0.0060165366,0.0053412746,0.5422936191,0.0000000000,0.1580708935
740,1,0.3166379246,0.0000000000,0.0000000000,0.0045456573,0.0100946694,0.4757761874,0.0000000000,0.1340872259
741,1,0.2966558017,0.0000000000,0.0000000000,0.0024467241,0.0147534923,0.3857681824,0.0000000000,0.0726967726
742,5,0.2770010720,0.0000000000,0.0000000000,0.0017921985,0.0137617007,0.2969806519,0.0000000001,0.0423978974
743,0,0.2624673251,0.0000000000,0.0000000000,0.0012876053,0.0076146440,0.2535503665,0.0000000003,0.0285215991
744,0,0.2549005308,0.0000000000,0.0000000000,0.0011918883,0.0034169900,0.2897097072,0.0000000003,0.0514190620
745,4,0.2510304416,0.0000000000,0.0000000000,0.0030569376,0.0029801686,0.3879301860,0.0000000002,0.1530037970
746,5,0.2434127380,0.0000000000,0.0000000000,0.0069458107,0.0031217223,0.4735698942,0.0000000000,0.2417907366
747,5,0.2246718294,0.0000000000,0.0000000000,0.0086826883,0.0022261449,0.4729061352,0.0000000000,0.2642966670
748,1,0.1922026584,0.0000000000,0.0000000000,0.0056491185,0.0012656258,0.3695007954,0.0000000000,0.1620574555
749,0,0.1498364553,0.0000000000,0.0000000000,0.0020944752,0.0007734503,0.2180681117,0.0000000000,0.0398380570
750,0,0.0714774084,0.0000000000,0.0000000000,0.0020124248,0.0000000028,0.0058063194,0.0000000000,0.0001539390
751,0,0.0732182912,0.0000000000,0.0000000000,0.0007081168,0.0000000834,0.0194415103,0.0000000000,0.0008336661
752,0,0.0825642249,0.0000000000,0.0000000000,0.0001203882,0.0000021193,0.0602907182,0.0000000000,0.0094761745
753,0,0.1030875478,0.0000000000,0.0000000000,0.0000739927,0.0000371077,0.1339017989,0.0000000000,0.0450701998
754,1,0.1334809919,0.0000000000,0.0000000000,0.0004848853,0.0003497907,0.2101177988,0.0000000000,0.0775363170
755,0,0.1672461360,0.0000000000,0.0000000000,0.0024197237,0.0016448874,0.2440246804,0.0000000000,0.0536025363
756,0,0.1950560120,0.0000000000,0.0000000000,0.0081079118,0.0038398694,0.2240019523,0.0000000000,0.0183251073
757,1,0.2089588229,0.0000000000,0.0000000000,0.0159004394,0.0045336294,0.1680460428,0.0000000000,0.0098669426
758,0,0.2062842860,0.0000000000,0.0000000001,0.0166483054,0.0027870663,0.1012031601,0.0000000000,0.0063284709
759,0,0.1909126846,0.0000000000,0.0000000026,0.0091595669,0.0009231852,0.0515974200,0.0000000000,0.0016071858
760,0,0.1711856271,0.0000000000,0.0000000116,0.0027073327,0.0001917087,0.0354797739,0.0000000000,0.0007620965
761,0,0.1560755293,0.0000000000,0.0000000107,0.0004667698,0.0001038685,0.0457154685,0.0000000000,0.0014318602
762,0,0.1520667991,0.0000000000,0.0000000021,0.0000768195,0.0001822220,0.0632218023,0.0000000000,0.0019178616
763,0,0.1618764259,0.0000000000,0.0000000001,0.0000561659,0.0002459552,0.0819368184,0.0000000000,0.0048136312
764,0,0.1844624993,0.0000000000,0.0000000000,0.0001130997,0.0004551443,0.1253156346,0.0000000000,0.0278179575
765,1,0.2155483380,0.0000000000,0.0000000000,0.0001576018,0.0011811057,0.2261994476,0.0000000000,0.0780005745
766,0,0.2486550772,0.0000000000,0.0000000000,0.0004289699,0.0019304949,0.3812438128,0.0000000000,0.1362409471
767,7,0.2767920232,0.0000000000,0.0000000000,0.0025544868,0.0019732449,0.5397573474,0.0000000000,0.2052198284
768,2,0.2943138654,0.0000000000,0.0000000000,0.0086330434,0.0025696255,0.6519089217,0.0000000000,0.2329980892
769,8,0.2982048503,0.0000000000,0.0000000000,0.0139896008,0.0048386534,0.6984422689,0.0000000000,0.2888110146
770,14,0.2886068503,0.0000000000,0.0000000000,0.0120282425,0.0068289197,0.6702611848,0.0000000000,0.2994487885
771,4,0.2688046744,0.0000000000,0.0000000000,0.0094080442,0.0065626517,0.5684350025,0.0000000000,0.2348146639
772,3,0.2445001387,0.0000000000,0.0000000000,0.0094097417,0.0049197468,0.4212705318,0.0000000000,0.1975497472
773,0,0.2218790418,0.0000000000,0.0000000000,0.0062846147,0.0029791900,0.2830030063,0.0000000000,0.1227515230
774,3,0.2047399863,0.0000000000,0.0000000000,0.0021993118,0.0018137398,0.2118054150,0.0000000000,0.0517505990
775,2,0.1923397050,0.0000000000,0.0000000000,0.0009551410,0.0021733965,0.2222652450,0.0000000000,0.0792555678
776,2,0.1798832956,0.0000000000,0.0000000000,0.0015804267,0.0025501073,0.2629599039,0.0000000000,0.1140702918
777,0,0.1618307294,0.0000000000,0.0000000000,0.0019254174,0.0016248966,0.2665333141,0.0000000000,0.1005226443
778,2,0.1357697849,0.0000000000,0.0000000000,0.0011831225,0.0005622697,0.2101188466,0.0000000000,0.0545440586
779,0,0.1039879090,0.0000000000,0.0000000000,0.0003901958,0.0001621891,0.1247211724,0.0000000000,0.0123115384
780,0,0.0510675266,0.0000000000,0.0000000000,0.0005541104,0.0000000002,0.0029071323,0.0000000000,0.0000234736
781,0,0.0516872230,0.0000000000,0.0000000000,0.0001901159,0.0000000147,0.0094534793,0.0000000000,0.0002055551
782,0,0.0585041519,0.0000000000,0.0000000000,0.0000426740,0.0000007021,0.0290683958,0.0000000000,0.0028560868
783,0,0.0743201021,0.0000000000,0.0000000000,0.0001602446,0.0000162622,0.0664074587,0.0000000000,0.0158000900
784,0,0.0980633491,0.0000000000,0.0000000000,0.0009408321,0.0001803348,0.1101487920,0.0000000000,0.0341440001
785,0,0.1244471472,0.0000000000,0.0000000000,0.0028244963,0.0009561766,0.1368461414,0.0000000000,0.0266987462
786,0,0.1457595725,0.0000000000,0.0000000000,0.0049199965,0.0024270404,0.1357940698,0.0000000000,0.0078078711
787,0,0.1552544188,0.0000000000,0.0000000000,0.0058808200,0.0029584290,0.1118380546,0.0000000000,0.0045484863
788,0,0.1504501320,0.0000000000,0.0000000000,0.0047739114,0.0017426715,0.0737168149,0.0000000000,0.0036944456
789,0,0.1343649123,0.0000000000,0.0000000000,0.0022989210,0.0005020490,0.0378400472,0.0000000000,0.0010786690
790,0,0.1139997087,0.0000000000,0.0000000000,0.0006126972,0.0000727925,0.0204440503,0.0000000000,0.0006688673
791,1,0.0973035579,0.0000000000,0.0000000000,0.0000905294,0.0000080620,0.0212909905,0.0000000000,0.0010222561
792,0,0.0905832714,0.0000000000,0.0000000000,0.0000087404,0.0000078302,0.0277320528,0.0000000000,0.0006223974
793,0,0.0973003694,0.0000000000,0.0000000000,0.0000036342,0.0000236748,0.0341645604,0.0000000000,0.0018643852
794,0,0.1178262814,0.0000000000,0.0000000000,0.0000082928,0.0001416689,0.0556013126,0.0000000000,0.0167858290
795,0,0.1494761488,0.0000000000,0.0000000000,0.0000373323,0.0006118723,0.1204167140,0.0000000000,0.0482020959
796,0,0.1868221499,0.0000000000,0.0000000000,0.0004512042,0.0014000513,0.2477887231,0.0000000000,0.0799759165
797,0,0.2226841703,0.0000000000,0.0000000000,0.0032345976,0.0020687027,0.4244140097,0.0000000000,0.1378211922
798,2,0.2498237358,0.0000000000,0.0000000000,0.0109175640,0.0031698527,0.6020910912,0.0000000000,0.2380651448
799,82,0.2628351171,0.0000000000,0.0000000000,0.0177339794,0.0051060113,0.7260815672,0.0000000000,0.3469774882
800,14,0.2596192482,0.0000000000,0.0000000000,0.0175157462,0.0068422398,0.7656673526,0.0000000000,0.3662529505
801,8,0.2420033281,0.0000000000,0.0000000000,0.0204270926,0.0077007122,0.7144846007,0.0000000000,0.3541978558
802,35,0.2151907836,0.0000000000,0.0000000000,0.0243363350,0.0066737796,0.5763465563,0.0000000000,0.3789811084
803,8,0.1859035675,0.0000000000,0.0000000000,0.0161645910,0.0036550073,0.3844988821,0.0000000000,0.2667610929
804,0,0.1596712275,0.0000000000,0.0000000000,0.0051477191,0.0012783648,0.2153173768,0.0000000000,0.0841193411
805,1,0.1385757592,0.0000000000,0.0000000000,0.0008308339,0.0007515449,0.1286615499,0.0000000000,0.0239041246
806,0,0.1209638906,0.0000000000,0.0000000000,0.0002168541,0.0008849523,0.1114473162,0.0000000000,0.0269246649
807,0,0.1034699340,0.0000000000,0.0000000000,0.0001997166,0.0006355268,0.1092076489,0.0000000000,0.0222994851
808,0,0.0838786285,0.0000000000,0.0000000000,0.0001159972,0.0002237831,0.0884161426,0.0000000000,0.0107839065
809,0,0.0626792868,0.0000000000,0.0000000000,0.0000347853,0.0000405271,0.0551514117,0.0000000000,0.0022565416
810,0,0.0306224589,0.0000000000,0.0000000000,0.0000699915,0.0000000000,0.0012990613,0.0000000000,0.0000009720
811,0,0.0307418813,0.0000000000,0.0000000000,0.0000240907,0.0000000029,0.0044747060,0.0000000000,0.0000142645
812,0,0.0350338658,0.0000000000,0.0000000000,0.0000241238,0.0000001668,0.0124873972,0.0000000000,0.0002655011
813,0,0.0454797405,0.0000000000,0.0000000000,0.0002479739,0.0000045473,0.0256885867,0.0000000000,0.0019969523
814,0,0.0616215653,0.0000000000,0.0000000000,0.0013873478,0.0000591377,0.0409281180,0.0000000000,0.0060565964
815,0,0.0801837244,0.0000000000,0.0000000000,0.0036342166,0.0003668906,0.0523163644,0.0000000000,0.0058792163
816,0,0.0960247840,0.0000000000,0.0000000000,0.0045709361,0.0010859234,0.0551527945,0.0000000000,0.0018992341
817,0,0.1042325064,0.0000000000,0.0000000000,0.0029958475,0.0015336324,0.0488338114,0.0000000000,0.0011907089
818,0,0.1023921824,0.0000000000,0.0000000000,0.0012284057,0.0010338191,0.0353576357,0.0000000000,0.0009926918
819,0,0.0917490081,0.0000000000,0.0000000000,0.0003717178,0.0003328575,0.0202569947,0.0000000000,0.0003389854
820,0,0.0766542302,0.0000000000,0.0000000000,0.0000778043,0.0000512613,0.0111770025,0.0000000000,0.0003425676
821,0,0.0628469350,0.0000000000,0.0000000000,0.0000098294,0.0000038164,0.0104003336,0.0000000000,0.0005725704
822,0,0.0556926164,0.0000000000,0.0000000000,0.0000007310,0.0000003626,0.0127581187,0.0000000000,0.0003230966
823,0,0.0590560501,0.0000000000,0.0000000000,0.0000001337,0.0000032356,0.0142368456,0.0000000000,0.0007894031
824,0,0.0747041967,0.0000000000,0.0000000000,0.0000007999,0.0000344030,0.0210550500,0.0000000000,0.0068548561
825,0,0.1018767528,0.0000000000,0.0000000000,0.0000189460,0.0001936229,0.0492760688,0.0000000000,0.0181052670
826,0,0.1370231633,0.0000000000,0.0000000000,0.0002836582,0.0006470272,0.1216095851,0.0000000000,0.0252880821
827,0,0.1741011998,0.0000000000,0.0000000000,0.0019971425,0.0017867848,0.2568908791,0.0000000000,0.0631364359
828,2,0.2057631752,0.0000000000,0.0000000000,0.0065865015,0.0042561498,0.4379916339,0.0000000000,0.1873340314
829,10,0.2252720786,0.0000000000,0.0000000000,0.0109354448,0.0066372889,0.6007632647,0.0000000000,0.3056143698
830,6,0.2285097168,0.0000000000,0.0000000000,0.0139066795,0.0070126627,0.6888389556,0.0000000000,0.3039548107
831,10,0.2152955321,0.0000000000,0.0000000000,0.0232739452,0.0076571109,0.6891948070,0.0000000000,0.3236440650
832,21,0.1894400347,0.0000000000,0.0000000000,0.0299102214,0.0082380739,0.5961692228,0.0000000000,0.3652626405
833,3,0.1573607598,0.0000000000,0.0000000000,0.0194969855,0.0054372321,0.4188637523,0.0000000000,0.2523790178
834,0,0.1256543908,0.0000000000,0.0000000000,0.0060058069,0.0018344927,0.2257378596,0.0000000000,0.0755574240
835,0,0.0986803507,0.0000000000,0.0000000000,0.0008698972,0.0003503515,0.0966502970,0.0000000000,0.0090702360
836,0,0.0774752066,0.0000000000,0.0000000000,0.0000664968,0.0001175941,0.0455796366,0.0000000000,0.0031434098
837,0,0.0605925543,0.0000000000,0.0000000000,0.0000112586,0.0000813683,0.0342208877,0.0000000000,0.0037751909
838,0,0.0460759624,0.0000000000,0.0000000000,0.0000053144,0.0000329655,0.0280348203,0.0000000000,0.0020755899
839,0,0.0330062626,0.0000000000,0.0000000000,0.0000014707,0.0000064747,0.0192044952,0.0000000000,0.0003673868
840,0,0.0152055176,0.0000000000,0.0000000000,0.0000040646,0.0000000000,0.0004190909,0.0000000000,0.0000000102
841,0,0.0152151989,0.0000000000,0.0000000000,0.0000019232,0.0000000002,0.0017325325,0.0000000000,0.0000002618
842,0,0.0175841992,0.0000000000,0.0000000000,0.0000156484,0.0000000130,0.0049035753,0.0000000000,0.0000069278
843,0,0.0235665605,0.0000000000,0.0000000000,0.0001811971,0.0000004163,0.0091007738,0.0000000000,0.0000787864
844,0,0.0332283321,0.0000000000,0.0000000000,0.0009836151,0.0000063663,0.0122941574,0.0000000000,0.0003457452
845,0,0.0451088754,0.0000000000,0.0000000000,0.0024746372,0.0000464357,0.0140764180,0.0000000000,0.0004274908
846,0,0.0564832753,0.0000000000,0.0000000000,0.0028952662,0.0001615609,0.0148590435,0.0000000000,0.0001709668
847,0,0.0642629228,0.0000000000,0.0000000000,0.0015950849,0.0002681290,0.0141597598,0.0000000000,0.0001316164
848,0,0.0662233806,0.0000000000,0.0000000000,0.0004322669,0.0002122666,0.0118436823,0.0000000000,0.0001067802
849,0,0.0619947558,0.0000000000,0.0000000000,0.0000657093,0.0000801612,0.0086298301,0.0000000000,0.0000444626
850,0,0.0533492008,0.0000000000,0.0000000000,0.0000071269,0.0000144421,0.0057105896,0.0000000000,0.0001118800
851,0,0.0437157725,0.0000000000,0.0000000000,0.0000006116,0.0000012563,0.0044558983,0.0000000000,0.0002310377
852,0,0.0372253267,0.0000000000,0.0000000000,0.0000000359,0.0000003488,0.0046305756,0.0000000000,0.0001193357
853,0,0.0376838634,0.0000000000,0.0000000000,0.0000000052,0.0000029458,0.0048352877,0.0000000000,0.0001885539
854,0,0.0476979423,0.0000000000,0.0000000000,0.0000001837,0.0000152916,0.0063695184,0.0000000000,0.0013835009
855,0,0.0679604369,0.0000000000,0.0000000000,0.0000057334,0.0000513110,0.0148967144,0.0000000000,0.0037861006
856,0,0.0967064262,0.0000000000,0.0000000000,0.0000843833,0.0001931689,0.0434229969,0.0000000000,0.0044508253
857,1,0.1295751813,0.0000000000,0.0000000000,0.0005775829,0.0009315330,0.1167011778,0.0000000000,0.0179170149
858,0,0.1602505268,0.0000000000,0.0000000000,0.0018741861,0.0031185337,0.2494399254,0.0000000000,0.1014357668
859,3,0.1819999113,0.0000000000,0.0000000000,0.0033675436,0.0055896091,0.4040792629,0.0000000000,0.2283154957
860,3,0.1897028255,0.0000000000,0.0000000000,0.0061390568,0.0055799919,0.5113146886,0.0000000000,0.2532897016
861,5,0.1815767129,0.0000000000,0.0000000000,0.0131551246,0.0045199923,0.5366863550,0.0000000000,0.2768112567
862,4,0.1598392875,0.0000000000,0.0000000000,0.0172349752,0.0044209107,0.4770133997,0.0000000000,0.2792824313
863,4,0.1299199132,0.0000000000,0.0000000000,0.0109533660,0.0033276872,0.3428445795,0.0000000000,0.1663005744
864,0,0.0984188173,0.0000000000,0.0000000000,0.0032724144,0.0013293142,0.1861497096,0.0000000000,0.0417556811
865,0,0.0706904983,0.0000000000,0.0000000000,0.0004579724,0.0002608417,0.0736768501,0.0000000000,0.0036485874
866,0,0.0492862154,0.0000000000,0.0000000000,0.0000301646,0.0000275087,0.0235289445,0.0000000000,0.0004298669
867,0,0.0340162229,0.0000000000,0.0000000000,0.0000011245,0.0000042367,0.0102200759,0.0000000000,0.0008091093
868,0,0.0232710469,0.0000000000,0.0000000000,0.0000001247,0.0000015317,0.0075671947,0.0000000000,0.0005045457
869,0,0.0154598866,0.0000000000,0.0000000000,0.0000000293,0.0000003466,0.0059932703,0.0000000000,0.0000746240
870,0,0.0062155907,0.0000000000,0.0000000000,0.0000001118,0.0000000000,0.0000780792,0.0000000000,0.0000000000
871,0,0.0062500856,0.0000000000,0.0000000000,0.0000002504,0.0000000000,0.0004011918,0.0000000000,0.0000000013
872,0,0.0074370848,0.0000000000,0.0000000000,0.0000053408,0.0000000003,0.0012992580,0.0000000000,0.0000000506
873,0,0.0105018872,0.0000000000,0.0000000000,0.0000608679,0.0000000117,0.0025589278,0.0000000000,0.0000009122
874,0,0.0157585278,0.0000000000,0.0000000000,0.0003213561,0.0000002106,0.0032271874,0.0000000000,0.0000056418
875,0,0.0228624348,0.0000000000,0.0000000000,0.0007853490,0.0000018069,0.0030336109,0.0000000000,0.0000088799
876,0,0.0307056566,0.0000000000,0.0000000000,0.0008888375,0.0000073930,0.0027652408,0.0000000000,0.0000045669
877,0,0.0375708099,0.0000000000,0.0000000000,0.0004666786,0.0000144287,0.0028580058,0.0000000000,0.0000046519
878,0,0.0416204690,0.0000000000,0.0000000000,0.0001143929,0.0000134323,0.0032979825,0.0000000000,0.0000039407
879,0,0.0416429718,0.0000000000,0.0000000000,0.0000133997,0.0000059648,0.0037690824,0.0000000000,0.0000023820
880,0,0.0377562639,0.0000000000,0.0000000000,0.0000008145,0.0000012650,0.0034352905,0.0000000000,0.0000142720
881,0,0.0316693687,0.0000000000,0.0000000000,0.0000000322,0.0000002037,0.0023254743,0.0000000000,0.0000374908
882,0,0.0262921945,0.0000000000,0.0000000000,0.0000000011,0.0000017712,0.0014594455,0.0000000000,0.0000217727
883,0,0.0248729952,0.0000000000,0.0000000000,0.0000000004,0.0000195452,0.0011438282,0.0000000000,0.0000212481
884,0,0.0300629352,0.0000000000,0.0000000000,0.0000000266,0.0001032980,0.0013822594,0.0000000000,0.0001180398
885,0,0.0431662014,0.0000000000,0.0000000000,0.0000008202,0.0002616886,0.0032838095,0.0000000000,0.0003506846
886,0,0.0636014001,0.0000000000,0.0000000000,0.0000117283,0.0003357611,0.0112243849,0.0000000000,0.0005867182
887,0,0.0886278352,0.0000000000,0.0000000000,0.0000781942,0.0003690000,0.0386421848,0.0000000000,0.0036574606
888,0,0.1135935944,0.0000000000,0.0000000000,0.0002541579,0.0008426193,0.1047487162,0.0000000000,0.0343787334
889,3,0.1329457884,0.0000000000,0.0000000000,0.0005436369,0.0016686742,0.2043308228,0.0000000000,0.1125209198
890,3,0.1418660088,0.0000000000,0.0000000000,0.0014583732,0.0018180041,0.2918490318,0.0000000000,0.1592412553
891,3,0.1379453622,0.0000000000,0.0000000000,0.0035568627,0.0012916648,0.3241011524,0.0000000000,0.1716778132
892,0,0.1221416198,0.0000000000,0.0000000000,0.0046237582,0.0010166305,0.2925415225,0.0000000000,0.1498815324
893,0,0.0984772432,0.0000000000,0.0000000000,0.0028583380,0.0008111402,0.2116584771,0.0000000000,0.0800217090
894,0,0.0724863871,0.0000000000,0.0000000000,0.0008288520,0.0003846241,0.1159097026,0.0000000000,0.0182168712
895,0,0.0491114047,0.0000000000,0.0000000000,0.0001125552,0.0000908155,0.0454797891,0.0000000000,0.0013204026
896,0,0.0311408733,0.0000000000,0.0000000000,0.0000071555,0.0000103816,0.0127705307,0.0000000000,0.0000584139
897,0,0.0189380172,0.0000000000,0.0000000000,0.0000002147,0.0000006038,0.0034120493,0.0000000000,0.0001029419
898,0,0.0113085049,0.0000000000,0.0000000000,0.0000000040,0.0000000360,0.0019389089,0.0000000000,0.0000723821
899,0,0.0066787715,0.0000000000,0.0000000000,0.0000000003,0.0000000059,0.0021499357,0.0000000000,0.0000109551
